cohort_month,months_since_first_order,cohort_size,active_customers,retention_rate
2022-08-01,2,1215,27,0.022222222222222223
2019-03-01,34,63,2,0.031746031746031744
2022-02-01,19,902,13,0.014412416851441241
2021-07-01,1,763,28,0.03669724770642202
2022-03-01,22,1034,16,0.015473887814313346
2020-04-01,23,385,8,0.02077922077922078
2020-03-01,0,346,346,1.0
2023-11-01,0,2131,2131,1.0
2022-03-01,0,1034,1034,1.0
2023-02-01,13,1324,33,0.024924471299093656
2022-04-01,9,1049,23,0.0219256434699714
2023-04-01,4,1575,37,0.02349206349206349
2021-10-01,11,860,21,0.02441860465116279
2022-04-01,24,1049,19,0.01811248808388942
2021-05-01,30,685,14,0.020437956204379562
2024-05-01,0,3012,3012,1.0
2022-08-01,13,1215,27,0.022222222222222223
2020-11-01,40,543,4,0.007366482504604052
2023-05-01,11,1666,42,0.025210084033613446
2023-12-01,4,2436,149,0.06116584564860427
2022-07-01,0,1132,1132,1.0
2023-02-01,1,1324,52,0.03927492447129909
2020-06-01,1,425,19,0.04470588235294118
2020-03-01,44,346,3,0.008670520231213872
2022-09-01,10,1170,26,0.022222222222222223
2020-07-01,22,466,11,0.023605150214592276
2023-04-01,3,1575,55,0.03492063492063492
2020-06-01,9,425,9,0.021176470588235293
2019-10-01,52,227,2,0.00881057268722467
2020-02-01,0,300,300,1.0
2022-08-01,4,1215,27,0.022222222222222223
2023-08-01,2,2010,83,0.04129353233830846
2019-08-01,0,157,157,1.0
2023-07-01,9,1802,62,0.03440621531631521
2022-02-01,20,902,22,0.024390243902439025
2024-01-01,2,2572,174,0.06765163297045101
2022-04-01,19,1049,20,0.019065776930409915
2020-08-01,32,469,9,0.019189765458422176
2020-03-01,29,346,7,0.02023121387283237
2023-07-01,0,1802,1802,1.0
2023-06-01,0,1667,1667,1.0
2022-12-01,1,1359,66,0.04856512141280353
2022-11-01,15,1312,32,0.024390243902439025
2022-05-01,22,1115,31,0.02780269058295964
2019-11-01,35,228,5,0.021929824561403508
2020-01-01,38,309,6,0.019417475728155338
2024-03-01,0,3071,3071,1.0
2022-05-01,13,1115,22,0.019730941704035873
2020-11-01,6,543,12,0.022099447513812154
2023-08-01,0,2010,2010,1.0
2021-02-01,0,545,545,1.0
2022-04-01,16,1049,25,0.023832221163012392
2023-01-01,13,1509,33,0.02186878727634195
2019-12-01,1,259,9,0.03474903474903475
2022-08-01,5,1215,29,0.023868312757201648
2021-02-01,37,545,13,0.023853211009174313
2023-01-01,14,1509,52,0.03445990722332671
2020-05-01,26,412,5,0.012135922330097087
2021-02-01,33,545,12,0.022018348623853212
2022-01-01,27,1027,21,0.02044790652385589
2021-01-01,0,632,632,1.0
2022-07-01,9,1132,34,0.030035335689045935
2020-04-01,3,385,4,0.01038961038961039
2022-05-01,5,1115,20,0.017937219730941704
2023-06-01,3,1667,59,0.03539292141571686
2021-11-01,9,859,21,0.024447031431897557
2020-07-01,24,466,3,0.006437768240343348
2020-07-01,15,466,9,0.019313304721030045
2024-02-01,1,2614,285,0.1090283091048202
2023-12-01,0,2436,2436,1.0
2020-06-01,10,425,11,0.02588235294117647
2024-01-01,1,2572,228,0.08864696734059098
2021-04-01,13,653,12,0.018376722817764167
2023-04-01,1,1575,89,0.05650793650793651
2021-09-01,0,797,797,1.0
2022-08-01,12,1215,23,0.018930041152263374
2020-09-01,0,453,453,1.0
2022-06-01,21,1143,22,0.019247594050743656
2021-01-01,27,632,13,0.020569620253164556
2024-03-01,1,3071,416,0.13546076196678605
2023-01-01,3,1509,34,0.02253147779986746
2022-10-01,4,1321,33,0.02498107494322483
2019-07-01,41,168,3,0.017857142857142856
2020-02-01,29,300,5,0.016666666666666666
2022-10-01,17,1321,31,0.023467070401211203
2022-08-01,7,1215,23,0.018930041152263374
2022-03-01,10,1034,17,0.01644100580270793
2022-08-01,6,1215,25,0.0205761316872428
2020-01-01,0,309,309,1.0
2023-01-01,16,1509,14,0.00927766732935719
2023-10-01,4,2171,103,0.04744357438968217
2021-06-01,17,700,16,0.022857142857142857
2020-05-01,34,412,7,0.01699029126213592
2023-03-01,0,1574,1574,1.0
2023-04-01,0,1575,1575,1.0
2022-11-01,7,1312,34,0.025914634146341462
2023-04-01,11,1575,59,0.03746031746031746
2020-01-01,42,309,6,0.019417475728155338
2021-07-01,6,763,14,0.01834862385321101
2020-12-01,34,554,13,0.023465703971119134
2021-01-01,19,632,7,0.011075949367088608
2023-05-01,4,1666,58,0.03481392557022809
2020-06-01,0,425,425,1.0
2021-12-01,1,921,35,0.038002171552660155
2022-03-01,6,1034,31,0.029980657640232108
2022-10-01,2,1321,40,0.03028009084027252
2021-12-01,14,921,15,0.016286644951140065
2019-10-01,0,227,227,1.0
2020-04-01,6,385,10,0.025974025974025976
2022-10-01,14,1321,32,0.024224072672218017
2022-01-01,9,1027,16,0.01557935735150925
2021-10-01,25,860,16,0.018604651162790697
2020-01-01,3,309,4,0.012944983818770227
2020-07-01,10,466,7,0.015021459227467811
2021-12-01,17,921,11,0.011943539630836048
2022-12-01,2,1359,42,0.03090507726269316
2023-03-01,1,1574,77,0.04891994917407878
2024-03-01,2,3071,113,0.036795831976554866
2023-04-01,10,1575,47,0.029841269841269842
2023-03-01,5,1574,40,0.025412960609911054
2021-06-01,1,700,29,0.041428571428571426
2022-10-01,19,1321,9,0.006813020439061317
2022-12-01,3,1359,41,0.03016924208977189
2023-07-01,6,1802,56,0.03107658157602664
2020-06-01,8,425,3,0.007058823529411765
2021-02-01,4,545,9,0.01651376146788991
2020-08-01,9,469,7,0.014925373134328358
2022-02-01,11,902,13,0.014412416851441241
2022-07-01,7,1132,27,0.023851590106007067
2021-02-01,36,545,14,0.025688073394495414
2021-10-01,2,860,15,0.01744186046511628
2020-08-01,17,469,3,0.006396588486140725
2022-12-01,10,1359,33,0.024282560706401765
2022-03-01,13,1034,18,0.017408123791102514
2022-04-01,3,1049,25,0.023832221163012392
2023-07-01,10,1802,19,0.010543840177580466
2020-02-01,9,300,3,0.01
2020-12-01,12,554,10,0.018050541516245487
2020-06-01,31,425,12,0.02823529411764706
2020-05-01,20,412,7,0.01699029126213592
2020-05-01,9,412,4,0.009708737864077669
2023-06-01,7,1667,59,0.03539292141571686
2023-02-01,4,1324,38,0.028700906344410877
2021-09-01,16,797,14,0.01756587202007528
2021-02-01,20,545,7,0.012844036697247707
2021-02-01,23,545,11,0.02018348623853211
2021-08-01,15,769,18,0.02340702210663199
2022-05-01,19,1115,31,0.02780269058295964
2021-09-01,23,797,14,0.01756587202007528
2021-05-01,16,685,14,0.020437956204379562
2021-12-01,20,921,17,0.018458197611292075
2020-07-01,31,466,9,0.019313304721030045
2022-03-01,17,1034,23,0.022243713733075435
2023-06-01,6,1667,61,0.03659268146370726
2022-12-01,7,1359,21,0.01545253863134658
2019-08-01,53,157,6,0.03821656050955414
2019-07-01,42,168,2,0.011904761904761904
2019-01-01,60,10,1,0.1
2022-11-01,3,1312,26,0.019817073170731708
2021-10-01,7,860,16,0.018604651162790697
2021-08-01,9,769,15,0.01950585175552666
2022-03-01,5,1034,26,0.025145067698259187
2022-01-01,23,1027,26,0.02531645569620253
2020-10-01,1,526,20,0.03802281368821293
2020-03-01,45,346,5,0.014450867052023121
2023-09-01,6,1982,74,0.03733602421796166
2020-02-01,3,300,3,0.01
2022-07-01,5,1132,33,0.029151943462897525
2020-05-01,11,412,8,0.019417475728155338
2022-07-01,6,1132,31,0.027385159010600707
2020-05-01,25,412,7,0.01699029126213592
2020-10-01,32,526,7,0.013307984790874524
2022-02-01,22,902,19,0.02106430155210643
2022-06-01,14,1143,20,0.017497812773403325
2021-08-01,22,769,14,0.018205461638491547
2022-11-01,14,1312,28,0.021341463414634148
2019-09-01,55,184,2,0.010869565217391304
2020-12-01,20,554,11,0.019855595667870037
2022-05-01,18,1115,20,0.017937219730941704
2021-05-01,6,685,11,0.016058394160583942
2021-05-01,29,685,10,0.014598540145985401
2021-01-01,7,632,15,0.023734177215189875
2022-03-01,18,1034,16,0.015473887814313346
2019-09-01,34,184,3,0.016304347826086956
2019-11-01,20,228,4,0.017543859649122806
2022-01-01,25,1027,20,0.019474196689386564
2020-07-01,25,466,5,0.01072961373390558
2021-12-01,29,921,5,0.0054288816503800215
2022-02-01,14,902,13,0.014412416851441241
2020-05-01,36,412,10,0.024271844660194174
2019-08-01,6,157,2,0.012738853503184714
2019-04-01,28,70,4,0.05714285714285714
2020-02-01,1,300,15,0.05
2021-09-01,26,797,14,0.01756587202007528
2020-08-01,18,469,1,0.0021321961620469083
2019-10-01,33,227,5,0.022026431718061675
2021-11-01,11,859,19,0.02211874272409779
2022-05-01,16,1115,26,0.023318385650224215
2023-04-01,13,1575,20,0.012698412698412698
2020-01-01,17,309,4,0.012944983818770227
2021-11-01,20,859,18,0.020954598370197905
2021-07-01,3,763,13,0.01703800786369594
2022-07-01,2,1132,27,0.023851590106007067
2021-01-01,16,632,9,0.014240506329113924
2019-12-01,2,259,4,0.015444015444015444
2022-06-01,11,1143,26,0.022747156605424323
2022-02-01,5,902,23,0.025498891352549888
2021-02-01,15,545,8,0.014678899082568808
2021-04-01,1,653,18,0.027565084226646247
2020-06-01,36,425,8,0.018823529411764704
2020-10-01,38,526,12,0.022813688212927757
2020-12-01,29,554,13,0.023465703971119134
2019-09-01,52,184,2,0.010869565217391304
2022-05-01,15,1115,30,0.026905829596412557
2023-02-01,11,1324,34,0.0256797583081571
2020-04-01,21,385,4,0.01038961038961039
2021-11-01,24,859,16,0.018626309662398137
2020-09-01,24,453,5,0.011037527593818985
2021-10-01,6,860,11,0.012790697674418604
2020-09-01,27,453,5,0.011037527593818985
2020-10-01,2,526,7,0.013307984790874524
2021-03-01,12,622,8,0.012861736334405145
2022-01-01,18,1027,22,0.021421616358325218
2021-11-01,27,859,11,0.012805587892898719
2022-02-01,2,902,17,0.018847006651884702
2020-12-01,13,554,15,0.02707581227436823
2020-09-01,6,453,3,0.006622516556291391
2020-06-01,12,425,11,0.02588235294117647
2022-05-01,4,1115,15,0.013452914798206279
2020-09-01,38,453,5,0.011037527593818985
2021-03-01,7,622,9,0.014469453376205787
2019-05-01,42,102,4,0.0392156862745098
2021-10-01,28,860,10,0.011627906976744186
2021-06-01,4,700,11,0.015714285714285715
2021-05-01,34,685,10,0.014598540145985401
2020-04-01,34,385,9,0.023376623376623377
2022-09-01,9,1170,30,0.02564102564102564
2021-04-01,14,653,12,0.018376722817764167
2023-07-01,7,1802,57,0.031631520532741396
2020-09-01,5,453,3,0.006622516556291391
2020-10-01,14,526,9,0.017110266159695818
2019-06-01,13,127,3,0.023622047244094488
2022-01-01,10,1027,19,0.018500486854917234
2022-05-01,2,1115,34,0.030493273542600896
2020-11-01,36,543,7,0.01289134438305709
2020-07-01,3,466,8,0.017167381974248927
2021-08-01,17,769,16,0.02080624187256177
2021-01-01,32,632,8,0.012658227848101266
2020-09-01,1,453,15,0.033112582781456956
2021-12-01,12,921,15,0.016286644951140065
2022-09-01,6,1170,30,0.02564102564102564
2021-09-01,30,797,14,0.01756587202007528
2020-01-01,43,309,7,0.022653721682847898
2021-01-01,15,632,10,0.015822784810126583
2021-09-01,27,797,15,0.018820577164366373
2020-11-01,24,543,12,0.022099447513812154
2022-07-01,10,1132,19,0.01678445229681979
2022-04-01,4,1049,20,0.019065776930409915
2022-01-01,2,1027,16,0.01557935735150925
2021-10-01,20,860,13,0.015116279069767442
2021-08-01,13,769,14,0.018205461638491547
2019-10-01,3,227,4,0.01762114537444934
2019-09-01,33,184,3,0.016304347826086956
2021-03-01,21,622,12,0.01929260450160772
2022-02-01,15,902,18,0.019955654101995565
2021-08-01,27,769,18,0.02340702210663199
2019-05-01,33,102,1,0.00980392156862745
2020-02-01,10,300,6,0.02
2019-12-01,33,259,2,0.007722007722007722
2019-02-01,1,25,2,0.08
2019-02-01,7,25,1,0.04
2020-04-01,36,385,6,0.015584415584415584
2020-04-01,2,385,5,0.012987012987012988
2019-04-01,61,70,1,0.014285714285714285
2019-11-01,54,228,1,0.0043859649122807015
2021-04-01,7,653,11,0.016845329249617153
2020-04-01,16,385,4,0.01038961038961039
2022-09-01,17,1170,23,0.019658119658119658
2022-02-01,27,902,6,0.0066518847006651885
2022-12-01,14,1359,37,0.027225901398086828
2019-08-01,37,157,4,0.025477707006369428
2021-09-01,18,797,10,0.012547051442910916
2021-07-01,29,763,21,0.027522935779816515
2021-05-01,3,685,14,0.020437956204379562
2020-11-01,32,543,13,0.02394106813996317
2021-09-01,31,797,7,0.00878293601003764
2021-02-01,28,545,5,0.009174311926605505
2020-06-01,11,425,10,0.023529411764705882
2019-10-01,41,227,2,0.00881057268722467
2020-06-01,29,425,5,0.011764705882352941
2020-12-01,38,554,3,0.005415162454873646
2020-09-01,33,453,8,0.017660044150110375
2021-08-01,18,769,15,0.01950585175552666
2020-03-01,1,346,6,0.017341040462427744
2019-01-01,47,10,1,0.1
2019-08-01,30,157,2,0.012738853503184714
2019-10-01,48,227,3,0.013215859030837005
2021-02-01,29,545,7,0.012844036697247707
2021-05-01,8,685,12,0.017518248175182483
2020-12-01,28,554,6,0.010830324909747292
2022-02-01,13,902,21,0.02328159645232816
2019-09-01,20,184,4,0.021739130434782608
2021-07-01,15,763,7,0.009174311926605505
2020-01-01,30,309,5,0.016181229773462782
2021-03-01,9,622,13,0.02090032154340836
2022-07-01,21,1132,19,0.01678445229681979
2022-11-01,18,1312,10,0.007621951219512195
2019-06-01,33,127,3,0.023622047244094488
2019-07-01,5,168,2,0.011904761904761904
2020-04-01,9,385,7,0.01818181818181818
2019-08-01,33,157,1,0.006369426751592357
2021-07-01,14,763,9,0.011795543905635648
2019-11-01,51,228,7,0.03070175438596491
2019-08-01,3,157,2,0.012738853503184714
2020-01-01,1,309,10,0.032362459546925564
2021-03-01,4,622,10,0.01607717041800643
2020-11-01,3,543,7,0.01289134438305709
2021-09-01,7,797,6,0.0075282308657465494
2019-12-01,16,259,3,0.011583011583011582
2021-02-01,10,545,7,0.012844036697247707
2019-10-01,12,227,3,0.013215859030837005
2020-02-01,48,300,2,0.006666666666666667
2019-11-01,21,228,6,0.02631578947368421
2019-04-01,16,70,1,0.014285714285714285
2021-01-01,3,632,6,0.00949367088607595
2019-04-01,36,70,1,0.014285714285714285
2022-08-01,19,1215,25,0.0205761316872428
2020-01-01,34,309,2,0.006472491909385114
2019-07-01,57,168,4,0.023809523809523808
2019-09-01,41,184,1,0.005434782608695652
2020-09-01,2,453,7,0.01545253863134658
2021-10-01,8,860,12,0.013953488372093023
2019-12-01,29,259,5,0.019305019305019305
2019-12-01,38,259,2,0.007722007722007722
2019-10-01,20,227,2,0.00881057268722467
2019-10-01,4,227,3,0.013215859030837005
2020-02-01,30,300,4,0.013333333333333334
2019-04-01,25,70,2,0.02857142857142857
2020-12-01,3,554,13,0.023465703971119134
2020-06-01,46,425,5,0.011764705882352941
2019-07-01,2,168,1,0.005952380952380952
2019-10-01,5,227,3,0.013215859030837005
2019-11-01,3,228,4,0.017543859649122806
2019-05-01,40,102,1,0.00980392156862745
2020-05-01,18,412,6,0.014563106796116505
2020-08-01,8,469,10,0.021321961620469083
2021-04-01,28,653,9,0.013782542113323124
2020-02-01,27,300,3,0.01
2020-06-01,43,425,8,0.018823529411764704
2020-05-01,7,412,5,0.012135922330097087
2019-11-01,52,228,9,0.039473684210526314
2020-04-01,4,385,10,0.025974025974025976
2020-09-01,39,453,6,0.013245033112582781
2020-06-01,32,425,6,0.01411764705882353
2020-11-01,18,543,10,0.01841620626151013
2019-09-01,9,184,2,0.010869565217391304
2020-01-01,28,309,3,0.009708737864077669
2020-04-01,43,385,5,0.012987012987012988
2021-02-01,6,545,3,0.005504587155963303
2020-03-01,9,346,3,0.008670520231213872
2020-11-01,39,543,7,0.01289134438305709
2020-05-01,22,412,5,0.012135922330097087
2020-02-01,23,300,5,0.016666666666666666
2019-04-01,1,70,1,0.014285714285714285
2019-05-01,13,102,1,0.00980392156862745
2020-12-01,5,554,3,0.005415162454873646
2020-02-01,7,300,7,0.023333333333333334
2021-01-01,35,632,5,0.007911392405063292
2019-06-01,24,127,2,0.015748031496062992
2020-03-01,28,346,3,0.008670520231213872
2021-02-01,12,545,5,0.009174311926605505
2021-03-01,36,622,11,0.017684887459807074
2019-04-01,21,70,2,0.02857142857142857
2020-06-01,37,425,5,0.011764705882352941
2019-04-01,58,70,1,0.014285714285714285
2021-08-01,20,769,7,0.009102730819245773
2020-02-01,19,300,2,0.006666666666666667
2020-08-01,42,469,3,0.006396588486140725
2019-12-01,34,259,2,0.007722007722007722
2019-08-01,24,157,3,0.01910828025477707
2019-05-01,1,102,3,0.029411764705882353
2020-02-01,32,300,4,0.013333333333333334
2021-04-01,27,653,9,0.013782542113323124
2020-01-01,13,309,4,0.012944983818770227
2021-02-01,14,545,6,0.011009174311926606
2020-06-01,34,425,7,0.01647058823529412
2019-10-01,28,227,2,0.00881057268722467
2020-07-01,34,466,7,0.015021459227467811
2021-08-01,33,769,2,0.002600780234070221
2020-12-01,40,554,9,0.016245487364620937
2020-04-01,47,385,5,0.012987012987012988
2019-12-01,36,259,1,0.003861003861003861
2020-08-01,38,469,6,0.01279317697228145
2021-01-01,40,632,2,0.0031645569620253164
2019-07-01,31,168,1,0.005952380952380952
2019-03-01,16,63,1,0.015873015873015872
2019-09-01,48,184,3,0.016304347826086956
2021-05-01,18,685,13,0.01897810218978102
2019-06-01,25,127,2,0.015748031496062992
2019-12-01,13,259,4,0.015444015444015444
2019-04-01,52,70,2,0.02857142857142857
2020-12-01,14,554,2,0.0036101083032490976
2020-05-01,43,412,3,0.007281553398058253
2021-06-01,12,700,12,0.017142857142857144
2019-08-01,5,157,3,0.01910828025477707
2020-04-01,32,385,8,0.02077922077922078
2020-02-01,20,300,4,0.013333333333333334
2020-11-01,26,543,5,0.009208103130755065
2019-10-01,23,227,2,0.00881057268722467
2019-10-01,37,227,4,0.01762114537444934
2019-10-01,15,227,6,0.02643171806167401
2021-01-01,24,632,10,0.015822784810126583
2020-01-01,46,309,6,0.019417475728155338
2020-02-01,51,300,3,0.01
2020-12-01,6,554,6,0.010830324909747292
2020-01-01,45,309,4,0.012944983818770227
2019-09-01,10,184,2,0.010869565217391304
2019-12-01,25,259,4,0.015444015444015444
2019-07-01,7,168,2,0.011904761904761904
2020-03-01,43,346,4,0.011560693641618497
2019-11-01,36,228,4,0.017543859649122806
2020-07-01,36,466,4,0.008583690987124463
2019-08-01,56,157,2,0.012738853503184714
2019-04-01,50,70,1,0.014285714285714285
2020-01-01,26,309,4,0.012944983818770227
2020-07-01,37,466,3,0.006437768240343348
2020-02-01,44,300,4,0.013333333333333334
2019-07-01,54,168,2,0.011904761904761904
2019-11-01,45,228,2,0.008771929824561403
2019-07-01,10,168,1,0.005952380952380952
2019-02-01,51,25,1,0.04
2021-02-01,25,545,4,0.007339449541284404
2019-09-01,21,184,1,0.005434782608695652
2019-07-01,9,168,2,0.011904761904761904
2019-04-01,30,70,1,0.014285714285714285
2020-03-01,24,346,2,0.005780346820809248
2020-11-01,10,543,6,0.011049723756906077
2019-06-01,14,127,1,0.007874015748031496
2019-12-01,37,259,1,0.003861003861003861
2019-03-01,3,63,1,0.015873015873015872
2021-01-01,31,632,2,0.0031645569620253164
2020-01-01,7,309,2,0.006472491909385114
2020-10-01,43,526,2,0.0038022813688212928
2019-05-01,16,102,2,0.0196078431372549
2021-03-01,38,622,2,0.003215434083601286
2019-11-01,9,228,1,0.0043859649122807015
2019-04-01,29,70,1,0.014285714285714285
2020-09-01,16,453,3,0.006622516556291391
2019-01-01,10,10,1,0.1
2019-06-01,41,127,1,0.007874015748031496
2019-04-01,60,70,1,0.014285714285714285
2019-12-01,44,259,1,0.003861003861003861
2022-01-01,28,1027,3,0.0029211295034079843
2019-04-01,23,70,2,0.02857142857142857
2019-10-01,45,227,2,0.00881057268722467
2019-01-01,49,10,1,0.1
2019-12-01,30,259,2,0.007722007722007722
2019-07-01,17,168,1,0.005952380952380952
2019-09-01,39,184,1,0.005434782608695652
2019-03-01,62,63,1,0.015873015873015872
2019-04-01,13,70,1,0.014285714285714285
2019-05-01,55,102,1,0.00980392156862745
2019-04-01,48,70,2,0.02857142857142857
2019-04-01,17,70,1,0.014285714285714285
2019-05-01,11,102,2,0.0196078431372549
2019-02-01,10,25,1,0.04
2019-10-01,14,227,1,0.004405286343612335
2019-02-01,42,25,1,0.04
2019-03-01,35,63,1,0.015873015873015872
2023-03-01,8,1574,48,0.030495552731893267
2022-01-01,7,1027,24,0.023369036027263874
2020-05-01,39,412,12,0.02912621359223301
2022-06-01,1,1143,44,0.03849518810148731
2023-05-01,8,1666,55,0.033013205282112844
2020-01-01,15,309,4,0.012944983818770227
2020-04-01,0,385,385,1.0
2019-07-01,18,168,5,0.02976190476190476
2022-01-01,8,1027,24,0.023369036027263874
2022-06-01,2,1143,27,0.023622047244094488
2022-01-01,20,1027,27,0.02629016553067186
2022-08-01,8,1215,21,0.01728395061728395
2020-03-01,22,346,5,0.014450867052023121
2023-02-01,6,1324,35,0.026435045317220542
2020-05-01,0,412,412,1.0
2023-02-01,8,1324,44,0.03323262839879154
2020-09-01,31,453,12,0.026490066225165563
2023-05-01,10,1666,64,0.03841536614645858
2021-04-01,15,653,14,0.021439509954058193
2021-03-01,28,622,11,0.017684887459807074
2019-09-01,13,184,3,0.016304347826086956
2023-03-01,9,1574,38,0.0241423125794155
2019-05-01,0,102,102,1.0
2021-12-01,2,921,17,0.018458197611292075
2023-07-01,1,1802,91,0.050499445061043285
2021-11-01,26,859,19,0.02211874272409779
2019-09-01,0,184,184,1.0
2022-06-01,16,1143,27,0.023622047244094488
2021-08-01,23,769,14,0.018205461638491547
2024-01-01,3,2572,159,0.06181959564541213
2022-10-01,9,1321,41,0.031037093111279335
2022-05-01,0,1115,1115,1.0
2023-09-01,7,1982,73,0.036831483350151364
2023-01-01,10,1509,38,0.025182239893969515
2023-02-01,14,1324,48,0.03625377643504532
2020-03-01,18,346,4,0.011560693641618497
2019-09-01,54,184,5,0.02717391304347826
2021-07-01,19,763,19,0.02490170380078637
2023-07-01,4,1802,64,0.03551609322974473
2020-06-01,44,425,5,0.011764705882352941
2020-08-01,41,469,9,0.019189765458422176
2021-07-01,0,763,763,1.0
2022-12-01,0,1359,1359,1.0
2022-04-01,12,1049,17,0.016205910390848427
2020-06-01,19,425,6,0.01411764705882353
2020-05-01,33,412,3,0.007281553398058253
2023-03-01,11,1574,45,0.028589580686149935
2022-05-01,20,1115,22,0.019730941704035873
2020-11-01,14,543,10,0.01841620626151013
2021-01-01,23,632,8,0.012658227848101266
2021-02-01,34,545,11,0.02018348623853211
2022-06-01,6,1143,24,0.02099737532808399
2022-10-01,11,1321,38,0.028766086298258896
2024-01-01,0,2572,2572,1.0
2021-12-01,28,921,21,0.02280130293159609
2022-09-01,1,1170,52,0.044444444444444446
2022-06-01,5,1143,23,0.020122484689413824
2022-11-01,13,1312,39,0.02972560975609756
2022-03-01,20,1034,20,0.019342359767891684
2020-11-01,9,543,8,0.014732965009208104
2022-09-01,19,1170,26,0.022222222222222223
2021-12-01,0,921,921,1.0
2023-12-01,2,2436,121,0.04967159277504105
2020-10-01,9,526,12,0.022813688212927757
2021-04-01,10,653,19,0.02909647779479326
2021-05-01,2,685,10,0.014598540145985401
2020-11-01,11,543,7,0.01289134438305709
2020-10-01,18,526,10,0.019011406844106463
2019-12-01,31,259,3,0.011583011583011582
2023-05-01,6,1666,47,0.028211284513805522
2021-07-01,25,763,7,0.009174311926605505
2023-11-01,3,2131,113,0.05302674800563116
2021-12-01,5,921,19,0.02062975027144408
2021-10-01,18,860,17,0.019767441860465116
2022-07-01,12,1132,40,0.0353356890459364
2021-09-01,25,797,17,0.02132998745294856
2023-03-01,6,1574,47,0.02986022871664549
2021-04-01,20,653,13,0.019908116385911178
2023-03-01,4,1574,45,0.028589580686149935
2019-08-01,1,157,5,0.03184713375796178
2020-02-01,25,300,5,0.016666666666666666
2021-03-01,11,622,12,0.01929260450160772
2019-12-01,22,259,3,0.011583011583011582
2020-12-01,9,554,6,0.010830324909747292
2022-09-01,8,1170,13,0.011111111111111112
2023-01-01,15,1509,43,0.028495692511597084
2023-01-01,1,1509,64,0.04241219350563287
2021-11-01,29,859,16,0.018626309662398137
2021-05-01,1,685,25,0.0364963503649635
2020-03-01,12,346,4,0.011560693641618497
2019-03-01,24,63,3,0.047619047619047616
2023-09-01,1,1982,126,0.06357214934409687
2023-12-01,3,2436,166,0.06814449917898194
2023-07-01,3,1802,59,0.032741398446170925
2021-02-01,1,545,19,0.03486238532110092
2021-07-01,8,763,15,0.019659239842726082
2020-09-01,17,453,4,0.008830022075055188
2023-01-01,6,1509,34,0.02253147779986746
2022-12-01,4,1359,35,0.025754231052244298
2021-06-01,22,700,12,0.017142857142857144
2022-08-01,16,1215,33,0.027160493827160494
2022-06-01,22,1143,27,0.023622047244094488
2020-02-01,47,300,4,0.013333333333333334
2021-06-01,21,700,13,0.018571428571428572
2020-08-01,23,469,10,0.021321961620469083
2021-06-01,19,700,10,0.014285714285714285
2019-12-01,8,259,5,0.019305019305019305
2021-11-01,3,859,13,0.015133876600698487
2019-03-01,30,63,4,0.06349206349206349
2020-01-01,33,309,3,0.009708737864077669
2019-10-01,43,227,4,0.01762114537444934
2023-08-01,3,2010,95,0.0472636815920398
2022-03-01,11,1034,21,0.020309477756286266
2020-02-01,22,300,2,0.006666666666666667
2019-09-01,24,184,2,0.010869565217391304
2020-11-01,4,543,12,0.022099447513812154
2022-11-01,17,1312,37,0.028201219512195123
2022-12-01,15,1359,39,0.02869757174392936
2022-12-01,16,1359,31,0.022810890360559236
2020-06-01,27,425,4,0.009411764705882352
2021-02-01,19,545,7,0.012844036697247707
2023-06-01,5,1667,52,0.03119376124775045
2019-10-01,10,227,5,0.022026431718061675
2019-11-01,48,228,4,0.017543859649122806
2021-10-01,5,860,15,0.01744186046511628
2022-08-01,15,1215,25,0.0205761316872428
2022-01-01,16,1027,21,0.02044790652385589
2019-06-01,1,127,3,0.023622047244094488
2021-08-01,11,769,12,0.015604681404421327
2021-06-01,31,700,12,0.017142857142857144
2020-05-01,38,412,8,0.019417475728155338
2021-04-01,32,653,14,0.021439509954058193
2022-09-01,11,1170,36,0.03076923076923077
2020-01-01,37,309,4,0.012944983818770227
2021-10-01,29,860,17,0.019767441860465116
2021-09-01,28,797,11,0.013801756587202008
2020-07-01,42,466,9,0.019313304721030045
2022-04-01,14,1049,19,0.01811248808388942
2020-08-01,36,469,4,0.008528784648187633
2023-06-01,11,1667,11,0.0065986802639472104
2019-07-01,29,168,6,0.03571428571428571
2020-06-01,42,425,7,0.01647058823529412
2022-11-01,6,1312,32,0.024390243902439025
2021-07-01,18,763,11,0.014416775884665793
2021-01-01,30,632,13,0.020569620253164556
2023-07-01,2,1802,71,0.039400665926748055
2019-10-01,13,227,6,0.02643171806167401
2022-01-01,1,1027,50,0.04868549172346641
2022-10-01,5,1321,29,0.02195306585919758
2020-10-01,19,526,5,0.009505703422053232
2022-05-01,23,1115,18,0.016143497757847534
2021-12-01,19,921,16,0.01737242128121607
2021-09-01,15,797,15,0.018820577164366373
2022-06-01,3,1143,17,0.014873140857392825
2023-04-01,7,1575,47,0.029841269841269842
2019-07-01,39,168,5,0.02976190476190476
2021-01-01,34,632,7,0.011075949367088608
2022-07-01,8,1132,34,0.030035335689045935
2022-04-01,8,1049,24,0.022878932316491896
2021-08-01,25,769,12,0.015604681404421327
2023-01-01,11,1509,36,0.02385685884691849
2020-11-01,7,543,9,0.016574585635359115
2020-08-01,40,469,9,0.019189765458422176
2022-04-01,7,1049,28,0.02669208770257388
2021-08-01,8,769,15,0.01950585175552666
2020-07-01,11,466,7,0.015021459227467811
2020-03-01,41,346,6,0.017341040462427744
2022-06-01,18,1143,18,0.015748031496062992
2020-09-01,34,453,10,0.02207505518763797
2020-11-01,8,543,7,0.01289134438305709
2023-03-01,13,1574,39,0.02477763659466328
2021-12-01,24,921,21,0.02280130293159609
2019-07-01,50,168,2,0.011904761904761904
2022-03-01,19,1034,18,0.017408123791102514
2019-11-01,1,228,11,0.04824561403508772
2021-02-01,7,545,5,0.009174311926605505
2019-05-01,20,102,3,0.029411764705882353
2021-04-01,18,653,8,0.01225114854517611
2020-12-01,21,554,8,0.01444043321299639
2021-01-01,12,632,9,0.014240506329113924
2022-01-01,17,1027,16,0.01557935735150925
2023-03-01,10,1574,40,0.025412960609911054
2022-12-01,6,1359,33,0.024282560706401765
2021-07-01,30,763,14,0.01834862385321101
2023-07-01,8,1802,66,0.03662597114317425
2021-03-01,33,622,11,0.017684887459807074
2023-09-01,2,1982,79,0.03985872855701312
2021-11-01,8,859,19,0.02211874272409779
2022-06-01,23,1143,7,0.006124234470691163
2020-07-01,13,466,2,0.004291845493562232
2021-03-01,32,622,9,0.014469453376205787
2019-01-01,1,10,2,0.2
2019-08-01,19,157,4,0.025477707006369428
2021-04-01,33,653,14,0.021439509954058193
2021-11-01,21,859,12,0.013969732246798603
2022-01-01,15,1027,21,0.02044790652385589
2020-06-01,5,425,7,0.01647058823529412
2022-05-01,11,1115,20,0.017937219730941704
2022-08-01,10,1215,26,0.02139917695473251
2021-05-01,22,685,5,0.0072992700729927005
2019-10-01,19,227,3,0.013215859030837005
2021-08-01,14,769,13,0.016905071521456438
2021-06-01,8,700,9,0.012857142857142857
2020-08-01,7,469,10,0.021321961620469083
2020-07-01,20,466,6,0.012875536480686695
2022-10-01,6,1321,37,0.028009084027252083
2022-11-01,9,1312,24,0.018292682926829267
2022-03-01,2,1034,13,0.012572533849129593
2022-01-01,3,1027,19,0.018500486854917234
2020-10-01,42,526,8,0.015209125475285171
2022-06-01,7,1143,27,0.023622047244094488
2021-07-01,2,763,13,0.01703800786369594
2022-02-01,18,902,19,0.02106430155210643
2020-10-01,7,526,11,0.02091254752851711
2021-08-01,1,769,26,0.033810143042912875
2022-11-01,8,1312,26,0.019817073170731708
2021-05-01,31,685,9,0.013138686131386862
2021-08-01,7,769,17,0.022106631989596878
2020-05-01,15,412,6,0.014563106796116505
2020-04-01,25,385,6,0.015584415584415584
2020-05-01,48,412,1,0.0024271844660194173
2020-12-01,35,554,6,0.010830324909747292
2020-04-01,24,385,6,0.015584415584415584
2021-02-01,21,545,4,0.007339449541284404
2020-05-01,23,412,11,0.02669902912621359
2019-12-01,15,259,5,0.019305019305019305
2022-11-01,10,1312,35,0.026676829268292682
2023-02-01,15,1324,9,0.006797583081570997
2022-05-01,6,1115,17,0.015246636771300448
2021-08-01,12,769,11,0.014304291287386216
2020-10-01,3,526,11,0.02091254752851711
2020-03-01,20,346,5,0.014450867052023121
2019-11-01,8,228,4,0.017543859649122806
2021-04-01,6,653,9,0.013782542113323124
2019-08-01,27,157,3,0.01910828025477707
2019-06-01,46,127,2,0.015748031496062992
2020-10-01,40,526,13,0.024714828897338403
2020-12-01,2,554,5,0.009025270758122744
2020-05-01,40,412,9,0.021844660194174758
2019-08-01,50,157,2,0.012738853503184714
2021-12-01,22,921,16,0.01737242128121607
2020-02-01,43,300,5,0.016666666666666666
2023-03-01,12,1574,43,0.027318932655654382
2021-03-01,31,622,11,0.017684887459807074
2020-09-01,36,453,6,0.013245033112582781
2021-02-01,30,545,13,0.023853211009174313
2021-07-01,27,763,11,0.014416775884665793
2022-02-01,6,902,9,0.009977827050997782
2019-09-01,46,184,2,0.010869565217391304
2021-04-01,29,653,13,0.019908116385911178
2021-08-01,30,769,19,0.0247074122236671
2021-05-01,35,685,6,0.008759124087591242
2019-12-01,32,259,4,0.015444015444015444
2020-01-01,12,309,2,0.006472491909385114
2020-11-01,21,543,8,0.014732965009208104
2019-08-01,43,157,5,0.03184713375796178
2020-02-01,31,300,6,0.02
2020-05-01,4,412,3,0.007281553398058253
2019-12-01,23,259,3,0.011583011583011582
2019-12-01,6,259,3,0.011583011583011582
2020-05-01,5,412,9,0.021844660194174758
2021-11-01,23,859,20,0.023282887077997673
2019-11-01,22,228,5,0.021929824561403508
2020-06-01,39,425,7,0.01647058823529412
2022-02-01,17,902,16,0.017738359201773836
2019-10-01,25,227,3,0.013215859030837005
2020-06-01,26,425,11,0.02588235294117647
2021-02-01,38,545,11,0.02018348623853211
2021-10-01,30,860,14,0.01627906976744186
2019-12-01,11,259,5,0.019305019305019305
2021-01-01,21,632,9,0.014240506329113924
2020-10-01,27,526,6,0.011406844106463879
2019-06-01,57,127,1,0.007874015748031496
2021-01-01,13,632,10,0.015822784810126583
2020-12-01,22,554,5,0.009025270758122744
2021-03-01,20,622,7,0.011254019292604502
2020-10-01,17,526,12,0.022813688212927757
2021-06-01,9,700,15,0.02142857142857143
2022-05-01,21,1115,21,0.01883408071748879
2019-11-01,31,228,4,0.017543859649122806
2021-05-01,14,685,8,0.01167883211678832
2020-04-01,1,385,12,0.03116883116883117
2022-04-01,17,1049,14,0.01334604385128694
2021-04-01,30,653,12,0.018376722817764167
2022-02-01,21,902,20,0.022172949002217297
2021-04-01,16,653,9,0.013782542113323124
2022-01-01,14,1027,11,0.010710808179162609
2021-04-01,2,653,8,0.01225114854517611
2019-05-01,2,102,3,0.029411764705882353
2021-03-01,22,622,7,0.011254019292604502
2021-08-01,24,769,12,0.015604681404421327
2021-01-01,33,632,9,0.014240506329113924
2020-06-01,45,425,6,0.01411764705882353
2020-12-01,18,554,9,0.016245487364620937
2019-08-01,10,157,4,0.025477707006369428
2021-05-01,10,685,10,0.014598540145985401
2022-01-01,11,1027,19,0.018500486854917234
2020-12-01,32,554,6,0.010830324909747292
2021-04-01,17,653,4,0.006125574272588055
2020-07-01,18,466,4,0.008583690987124463
2019-09-01,29,184,4,0.021739130434782608
2020-10-01,41,526,9,0.017110266159695818
2021-03-01,34,622,8,0.012861736334405145
2021-05-01,23,685,9,0.013138686131386862
2021-09-01,17,797,13,0.01631116687578419
2020-07-01,16,466,5,0.01072961373390558
2020-08-01,29,469,7,0.014925373134328358
2020-10-01,16,526,6,0.011406844106463879
2020-07-01,35,466,7,0.015021459227467811
2021-01-01,26,632,7,0.011075949367088608
2021-11-01,19,859,18,0.020954598370197905
2020-08-01,26,469,7,0.014925373134328358
2020-11-01,33,543,9,0.016574585635359115
2020-08-01,37,469,7,0.014925373134328358
2021-05-01,24,685,15,0.021897810218978103
2020-12-01,24,554,6,0.010830324909747292
2021-02-01,35,545,7,0.012844036697247707
2021-03-01,14,622,7,0.011254019292604502
2019-01-01,32,10,1,0.1
2021-07-01,13,763,6,0.007863695937090432
2019-12-01,20,259,7,0.02702702702702703
2021-07-01,7,763,2,0.002621231979030144
2021-12-01,27,921,14,0.01520086862106406
2020-04-01,29,385,3,0.007792207792207792
2020-08-01,34,469,7,0.014925373134328358
2019-08-01,31,157,3,0.01910828025477707
2020-08-01,19,469,7,0.014925373134328358
2021-01-01,11,632,8,0.012658227848101266
2021-03-01,24,622,10,0.01607717041800643
2021-06-01,30,700,15,0.02142857142857143
2020-02-01,36,300,2,0.006666666666666667
2020-09-01,10,453,5,0.011037527593818985
2021-06-01,32,700,11,0.015714285714285715
2019-07-01,26,168,1,0.005952380952380952
2021-01-01,5,632,5,0.007911392405063292
2020-08-01,16,469,7,0.014925373134328358
2019-09-01,19,184,2,0.010869565217391304
2019-09-01,38,184,3,0.016304347826086956
2019-12-01,3,259,4,0.015444015444015444
2019-08-01,17,157,3,0.01910828025477707
2020-01-01,39,309,3,0.009708737864077669
2021-03-01,26,622,7,0.011254019292604502
2019-10-01,24,227,6,0.02643171806167401
2019-07-01,35,168,1,0.005952380952380952
2020-07-01,17,466,6,0.012875536480686695
2020-02-01,12,300,3,0.01
2020-11-01,25,543,9,0.016574585635359115
2019-12-01,49,259,2,0.007722007722007722
2021-05-01,7,685,11,0.016058394160583942
2019-10-01,31,227,4,0.01762114537444934
2019-12-01,39,259,3,0.011583011583011582
2021-10-01,31,860,5,0.005813953488372093
2020-12-01,37,554,8,0.01444043321299639
2019-07-01,32,168,1,0.005952380952380952
2019-09-01,14,184,1,0.005434782608695652
2020-05-01,17,412,4,0.009708737864077669
2019-10-01,53,227,4,0.01762114537444934
2019-10-01,17,227,4,0.01762114537444934
2019-06-01,39,127,2,0.015748031496062992
2019-12-01,41,259,6,0.023166023166023165
2020-05-01,31,412,2,0.0048543689320388345
2020-01-01,44,309,4,0.012944983818770227
2019-11-01,23,228,4,0.017543859649122806
2021-06-01,26,700,9,0.012857142857142857
2021-08-01,3,769,7,0.009102730819245773
2019-12-01,12,259,4,0.015444015444015444
2020-10-01,30,526,6,0.011406844106463879
2019-05-01,39,102,2,0.0196078431372549
2020-03-01,4,346,2,0.005780346820809248
2019-01-01,21,10,1,0.1
2020-12-01,15,554,6,0.010830324909747292
2019-09-01,12,184,4,0.021739130434782608
2019-06-01,12,127,2,0.015748031496062992
2020-03-01,13,346,3,0.008670520231213872
2019-10-01,46,227,4,0.01762114537444934
2020-03-01,2,346,3,0.008670520231213872
2020-06-01,28,425,3,0.007058823529411765
2019-05-01,17,102,3,0.029411764705882353
2020-10-01,37,526,8,0.015209125475285171
2020-09-01,25,453,9,0.019867549668874173
2020-07-01,41,466,9,0.019313304721030045
2020-03-01,15,346,7,0.02023121387283237
2020-02-01,14,300,5,0.016666666666666666
2020-01-01,9,309,4,0.012944983818770227
2019-07-01,36,168,1,0.005952380952380952
2019-08-01,48,157,4,0.025477707006369428
2020-01-01,27,309,3,0.009708737864077669
2020-08-01,11,469,5,0.010660980810234541
2019-03-01,53,63,1,0.015873015873015872
2019-03-01,12,63,1,0.015873015873015872
2021-11-01,17,859,9,0.010477299185098952
2019-12-01,21,259,3,0.011583011583011582
2020-04-01,40,385,4,0.01038961038961039
2020-12-01,17,554,6,0.010830324909747292
2019-05-01,37,102,4,0.0392156862745098
2019-10-01,27,227,4,0.01762114537444934
2019-11-01,41,228,3,0.013157894736842105
2019-10-01,6,227,3,0.013215859030837005
2019-04-01,56,70,1,0.014285714285714285
2020-04-01,44,385,5,0.012987012987012988
2020-07-01,45,466,6,0.012875536480686695
2019-03-01,46,63,1,0.015873015873015872
2019-09-01,50,184,4,0.021739130434782608
2019-09-01,8,184,2,0.010869565217391304
2019-10-01,7,227,3,0.013215859030837005
2019-11-01,42,228,3,0.013157894736842105
2019-05-01,9,102,1,0.00980392156862745
2020-03-01,26,346,5,0.014450867052023121
2020-04-01,14,385,4,0.01038961038961039
2019-12-01,28,259,4,0.015444015444015444
2020-05-01,24,412,6,0.014563106796116505
2019-05-01,51,102,1,0.00980392156862745
2019-03-01,5,63,1,0.015873015873015872
2019-09-01,32,184,4,0.021739130434782608
2020-03-01,19,346,1,0.002890173410404624
2020-03-01,42,346,3,0.008670520231213872
2020-05-01,16,412,4,0.009708737864077669
2019-09-01,3,184,1,0.005434782608695652
2019-06-01,43,127,3,0.023622047244094488
2019-09-01,27,184,2,0.010869565217391304
2020-06-01,15,425,4,0.009411764705882352
2019-04-01,22,70,2,0.02857142857142857
2019-11-01,4,228,4,0.017543859649122806
2020-03-01,23,346,3,0.008670520231213872
2019-06-01,32,127,2,0.015748031496062992
2019-09-01,23,184,3,0.016304347826086956
2019-05-01,25,102,1,0.00980392156862745
2020-08-01,45,469,2,0.0042643923240938165
2019-10-01,44,227,1,0.004405286343612335
2019-06-01,56,127,1,0.007874015748031496
2019-08-01,54,157,4,0.025477707006369428
2019-10-01,40,227,2,0.00881057268722467
2020-05-01,45,412,6,0.014563106796116505
2019-08-01,36,157,1,0.006369426751592357
2019-03-01,15,63,1,0.015873015873015872
2020-01-01,11,309,2,0.006472491909385114
2019-08-01,28,157,1,0.006369426751592357
2020-07-01,44,466,6,0.012875536480686695
2019-02-01,57,25,1,0.04
2019-12-01,27,259,2,0.007722007722007722
2020-08-01,44,469,2,0.0042643923240938165
2019-10-01,47,227,1,0.004405286343612335
2019-06-01,47,127,2,0.015748031496062992
2019-02-01,55,25,1,0.04
2019-04-01,44,70,1,0.014285714285714285
2019-05-01,34,102,1,0.00980392156862745
2019-07-01,6,168,2,0.011904761904761904
2019-03-01,32,63,1,0.015873015873015872
2020-04-01,10,385,3,0.007792207792207792
2019-08-01,42,157,4,0.025477707006369428
2019-11-01,28,228,3,0.013157894736842105
2019-01-01,6,10,1,0.1
2019-03-01,11,63,2,0.031746031746031744
2019-09-01,22,184,1,0.005434782608695652
2020-02-01,39,300,2,0.006666666666666667
2019-06-01,55,127,1,0.007874015748031496
2021-05-01,36,685,1,0.00145985401459854
2019-04-01,42,70,2,0.02857142857142857
2019-09-01,31,184,1,0.005434782608695652
2019-04-01,26,70,1,0.014285714285714285
2020-10-01,12,526,2,0.0038022813688212928
2019-11-01,13,228,2,0.008771929824561403
2019-12-01,52,259,2,0.007722007722007722
2019-04-01,3,70,1,0.014285714285714285
2019-06-01,3,127,2,0.015748031496062992
2020-01-01,41,309,2,0.006472491909385114
2019-06-01,11,127,1,0.007874015748031496
2019-05-01,10,102,1,0.00980392156862745
2019-10-01,29,227,2,0.00881057268722467
2019-01-01,13,10,1,0.1
2019-07-01,30,168,1,0.005952380952380952
2019-04-01,4,70,1,0.014285714285714285
2019-06-01,38,127,1,0.007874015748031496
2019-05-01,26,102,1,0.00980392156862745
2023-12-01,1,2436,177,0.07266009852216748
2021-11-01,0,859,859,1.0
2021-03-01,0,622,622,1.0
2022-08-01,1,1215,48,0.03950617283950617
2022-06-01,13,1143,21,0.01837270341207349
2019-12-01,42,259,4,0.015444015444015444
2022-09-01,3,1170,32,0.02735042735042735
2021-10-01,23,860,16,0.018604651162790697
2023-01-01,8,1509,34,0.02253147779986746
2023-02-01,2,1324,42,0.03172205438066465
2023-04-01,2,1575,54,0.03428571428571429
2023-11-01,2,2131,107,0.05021116846550915
2022-08-01,11,1215,38,0.031275720164609055
2020-11-01,0,543,543,1.0
2023-02-01,0,1324,1324,1.0
2023-02-01,3,1324,29,0.02190332326283988
2020-10-01,28,526,10,0.019011406844106463
2021-06-01,24,700,8,0.011428571428571429
2022-03-01,12,1034,17,0.01644100580270793
2022-04-01,23,1049,22,0.020972354623450904
2020-05-01,41,412,8,0.019417475728155338
2022-02-01,0,902,902,1.0
2023-03-01,7,1574,55,0.0349428208386277
2023-01-01,0,1509,1509,1.0
2021-04-01,0,653,653,1.0
2020-08-01,30,469,8,0.017057569296375266
2020-02-01,50,300,7,0.023333333333333334
2021-12-01,18,921,17,0.018458197611292075
2022-09-01,0,1170,1170,1.0
2021-12-01,11,921,19,0.02062975027144408
2022-08-01,14,1215,30,0.024691358024691357
2020-04-01,17,385,8,0.02077922077922078
2022-10-01,10,1321,32,0.024224072672218017
2023-09-01,8,1982,23,0.01160443995963673
2022-11-01,2,1312,25,0.019054878048780487
2023-11-01,4,2131,116,0.05443453777569216
2023-07-01,5,1802,61,0.033851276359600446
2021-12-01,13,921,20,0.021715526601520086
2019-12-01,0,259,259,1.0
2022-10-01,0,1321,1321,1.0
2022-03-01,9,1034,17,0.01644100580270793
2023-02-01,9,1324,36,0.027190332326283987
2019-06-01,0,127,127,1.0
2022-02-01,1,902,33,0.036585365853658534
2022-10-01,18,1321,25,0.018925056775170326
2021-11-01,5,859,24,0.027939464493597205
2021-04-01,36,653,10,0.015313935681470138
2021-11-01,1,859,45,0.05238649592549476
2019-03-01,26,63,2,0.031746031746031744
2022-12-01,9,1359,35,0.025754231052244298
2023-08-01,9,2010,21,0.010447761194029851
2021-06-01,7,700,15,0.02142857142857143
2021-04-01,8,653,7,0.010719754977029096
2022-05-01,9,1115,22,0.019730941704035873
2022-02-01,8,902,16,0.017738359201773836
2023-10-01,0,2171,2171,1.0
2023-02-01,10,1324,34,0.0256797583081571
2020-09-01,15,453,7,0.01545253863134658
2020-12-01,0,554,554,1.0
2022-01-01,0,1027,1027,1.0
2023-09-01,4,1982,74,0.03733602421796166
2020-06-01,3,425,9,0.021176470588235293
2022-04-01,1,1049,41,0.03908484270734033
2021-03-01,13,622,10,0.01607717041800643
2019-04-01,0,70,70,1.0
2023-10-01,5,2171,100,0.046061722708429294
2021-10-01,0,860,860,1.0
2021-10-01,19,860,16,0.018604651162790697
2020-05-01,12,412,6,0.014563106796116505
2019-11-01,0,228,228,1.0
2023-05-01,2,1666,52,0.031212484993997598
2022-06-01,0,1143,1143,1.0
2021-01-01,6,632,6,0.00949367088607595
2019-12-01,4,259,2,0.007722007722007722
2021-04-01,31,653,9,0.013782542113323124
2021-08-01,6,769,19,0.0247074122236671
2020-07-01,6,466,7,0.015021459227467811
2021-09-01,8,797,20,0.025094102885821833
2022-05-01,8,1115,22,0.019730941704035873
2020-06-01,7,425,4,0.009411764705882352
2019-07-01,11,168,5,0.02976190476190476
2021-05-01,33,685,7,0.010218978102189781
2022-03-01,16,1034,18,0.017408123791102514
2022-07-01,19,1132,22,0.019434628975265017
2023-04-01,8,1575,57,0.03619047619047619
2020-05-01,3,412,7,0.01699029126213592
2022-04-01,18,1049,25,0.023832221163012392
2022-10-01,8,1321,34,0.025738077214231644
2022-07-01,17,1132,26,0.022968197879858657
2020-07-01,40,466,5,0.01072961373390558
2021-01-01,18,632,14,0.022151898734177215
2022-04-01,15,1049,27,0.025738798856053385
2020-01-01,18,309,10,0.032362459546925564
2020-11-01,22,543,15,0.027624309392265192
2021-12-01,9,921,18,0.019543973941368076
2020-11-01,15,543,7,0.01289134438305709
2020-10-01,20,526,9,0.017110266159695818
2021-08-01,4,769,15,0.01950585175552666
2023-05-01,3,1666,58,0.03481392557022809
2022-04-01,0,1049,1049,1.0
2022-03-01,4,1034,15,0.014506769825918761
2022-01-01,26,1027,20,0.019474196689386564
2022-01-01,24,1027,17,0.016553067185978577
2022-11-01,11,1312,35,0.026676829268292682
2023-05-01,1,1666,85,0.05102040816326531
2020-06-01,33,425,4,0.009411764705882352
2023-01-01,5,1509,34,0.02253147779986746
2019-08-01,15,157,4,0.025477707006369428
2020-01-01,6,309,6,0.019417475728155338
2021-09-01,10,797,18,0.02258469259723965
2020-02-01,21,300,4,0.013333333333333334
2021-12-01,4,921,23,0.0249728555917481
2020-02-01,28,300,3,0.01
2022-01-01,4,1027,16,0.01557935735150925
2021-06-01,28,700,6,0.008571428571428572
2020-01-01,8,309,5,0.016181229773462782
2022-05-01,1,1115,40,0.03587443946188341
2022-06-01,12,1143,35,0.03062117235345582
2022-09-01,16,1170,32,0.02735042735042735
2021-03-01,15,622,8,0.012861736334405145
2022-07-01,11,1132,22,0.019434628975265017
2021-11-01,7,859,18,0.020954598370197905
2020-02-01,17,300,5,0.016666666666666666
2022-06-01,8,1143,18,0.015748031496062992
2022-12-01,13,1359,31,0.022810890360559236
2022-12-01,8,1359,44,0.03237674760853569
2022-06-01,20,1143,28,0.024496937882764653
2020-08-01,10,469,7,0.014925373134328358
2024-02-01,3,2614,59,0.0225707727620505
2023-04-01,6,1575,46,0.029206349206349208
2021-11-01,13,859,16,0.018626309662398137
2021-08-01,16,769,15,0.01950585175552666
2021-10-01,1,860,29,0.03372093023255814
2020-01-01,35,309,9,0.02912621359223301
2023-06-01,8,1667,56,0.033593281343731254
2022-07-01,16,1132,28,0.024734982332155476
2020-02-01,2,300,1,0.0033333333333333335
2020-09-01,12,453,4,0.008830022075055188
2019-01-01,0,10,10,1.0
2021-08-01,28,769,11,0.014304291287386216
2023-01-01,7,1509,37,0.024519549370444003
2019-09-01,40,184,5,0.02717391304347826
2021-11-01,14,859,18,0.020954598370197905
2023-06-01,2,1667,62,0.03719256148770246
2022-04-01,5,1049,24,0.022878932316491896
2021-12-01,8,921,15,0.016286644951140065
2021-05-01,13,685,16,0.02335766423357664
2022-04-01,2,1049,29,0.027645376549094377
2020-09-01,3,453,10,0.02207505518763797
2021-01-01,17,632,11,0.01740506329113924
2021-07-01,5,763,13,0.01703800786369594
2020-01-01,16,309,2,0.006472491909385114
2021-02-01,24,545,13,0.023853211009174313
2021-01-01,36,632,12,0.0189873417721519
2020-04-01,37,385,7,0.01818181818181818
2022-02-01,10,902,18,0.019955654101995565
2021-06-01,16,700,13,0.018571428571428572
2022-03-01,15,1034,9,0.008704061895551257
2019-07-01,48,168,4,0.023809523809523808
2021-03-01,23,622,9,0.014469453376205787
2022-02-01,24,902,11,0.012195121951219513
2019-07-01,15,168,5,0.02976190476190476
2021-12-01,10,921,23,0.0249728555917481
2020-02-01,24,300,7,0.023333333333333334
2021-05-01,26,685,11,0.016058394160583942
2021-06-01,15,700,14,0.02
2020-09-01,20,453,9,0.019867549668874173
2023-05-01,7,1666,50,0.030012004801920768
2020-04-01,8,385,4,0.01038961038961039
2021-12-01,3,921,15,0.016286644951140065
2021-06-01,33,700,11,0.015714285714285715
2022-08-01,9,1215,35,0.02880658436213992
2021-11-01,22,859,18,0.020954598370197905
2020-09-01,30,453,7,0.01545253863134658
2020-12-01,1,554,16,0.02888086642599278
2020-09-01,29,453,3,0.006622516556291391
2020-04-01,39,385,9,0.023376623376623377
2021-08-01,26,769,16,0.02080624187256177
2020-08-01,12,469,6,0.01279317697228145
2023-01-01,9,1509,38,0.025182239893969515
2019-11-01,33,228,5,0.021929824561403508
2020-06-01,16,425,4,0.009411764705882352
2019-10-01,26,227,3,0.013215859030837005
2021-03-01,17,622,15,0.024115755627009645
2021-03-01,18,622,13,0.02090032154340836
2021-08-01,32,769,11,0.014304291287386216
2021-03-01,27,622,8,0.012861736334405145
2021-07-01,10,763,11,0.014416775884665793
2021-08-01,2,769,10,0.013003901170351105
2021-06-01,11,700,13,0.018571428571428572
2021-09-01,6,797,14,0.01756587202007528
2022-11-01,5,1312,28,0.021341463414634148
2023-08-01,8,2010,77,0.038308457711442784
2021-11-01,25,859,21,0.024447031431897557
2020-12-01,26,554,11,0.019855595667870037
2020-09-01,41,453,13,0.02869757174392936
2020-10-01,31,526,7,0.013307984790874524
2020-11-01,20,543,10,0.01841620626151013
2023-02-01,7,1324,39,0.02945619335347432
2021-12-01,26,921,18,0.019543973941368076
2021-05-01,20,685,19,0.027737226277372264
2022-11-01,4,1312,35,0.026676829268292682
2020-05-01,42,412,4,0.009708737864077669
2020-10-01,11,526,7,0.013307984790874524
2020-12-01,11,554,12,0.021660649819494584
2023-06-01,10,1667,49,0.029394121175764846
2021-10-01,14,860,22,0.02558139534883721
2019-10-01,34,227,5,0.022026431718061675
2021-11-01,10,859,14,0.01629802095459837
2021-03-01,30,622,11,0.017684887459807074
2020-03-01,47,346,4,0.011560693641618497
2019-04-01,15,70,1,0.014285714285714285
2022-01-01,21,1027,18,0.017526777020447908
2019-11-01,49,228,2,0.008771929824561403
2020-11-01,5,543,10,0.01841620626151013
2020-07-01,27,466,10,0.02145922746781116
2020-06-01,40,425,7,0.01647058823529412
2020-04-01,12,385,7,0.01818181818181818
2021-08-01,29,769,17,0.022106631989596878
2022-01-01,5,1027,20,0.019474196689386564
2021-08-01,5,769,8,0.010403120936280884
2021-07-01,16,763,14,0.01834862385321101
2023-01-01,4,1509,41,0.027170311464546057
2021-04-01,11,653,12,0.018376722817764167
2020-10-01,22,526,5,0.009505703422053232
2019-02-01,0,25,25,1.0
2019-10-01,16,227,2,0.00881057268722467
2019-04-01,47,70,2,0.02857142857142857
2021-03-01,19,622,6,0.00964630225080386
2020-06-01,22,425,8,0.018823529411764704
2021-11-01,2,859,15,0.017462165308498253
2022-06-01,17,1143,31,0.02712160979877515
2022-09-01,2,1170,29,0.024786324786324785
2022-05-01,17,1115,20,0.017937219730941704
2022-01-01,13,1027,22,0.021421616358325218
2020-01-01,25,309,4,0.012944983818770227
2019-05-01,44,102,3,0.029411764705882353
2021-10-01,9,860,14,0.01627906976744186
2020-08-01,13,469,8,0.017057569296375266
2021-11-01,15,859,14,0.01629802095459837
2019-10-01,30,227,2,0.00881057268722467
2023-02-01,5,1324,34,0.0256797583081571
2020-04-01,35,385,5,0.012987012987012988
2021-11-01,28,859,14,0.01629802095459837
2020-06-01,25,425,8,0.018823529411764704
2021-05-01,4,685,14,0.020437956204379562
2020-04-01,46,385,7,0.01818181818181818
2020-12-01,4,554,9,0.016245487364620937
2020-08-01,5,469,9,0.019189765458422176
2020-03-01,27,346,10,0.028901734104046242
2022-11-01,12,1312,27,0.020579268292682928
2019-08-01,21,157,3,0.01910828025477707
2020-12-01,10,554,9,0.016245487364620937
2021-10-01,3,860,10,0.011627906976744186
2020-12-01,33,554,11,0.019855595667870037
2021-10-01,17,860,7,0.00813953488372093
2021-07-01,9,763,9,0.011795543905635648
2019-12-01,14,259,2,0.007722007722007722
2019-02-01,37,25,2,0.08
2019-04-01,8,70,3,0.04285714285714286
2021-07-01,22,763,12,0.015727391874180863
2021-03-01,8,622,11,0.017684887459807074
2020-03-01,14,346,4,0.011560693641618497
2021-05-01,32,685,15,0.021897810218978103
2021-07-01,21,763,14,0.01834862385321101
2020-10-01,26,526,10,0.019011406844106463
2021-04-01,21,653,11,0.016845329249617153
2019-03-01,4,63,2,0.031746031746031744
2021-10-01,12,860,16,0.018604651162790697
2019-06-01,42,127,2,0.015748031496062992
2020-10-01,25,526,12,0.022813688212927757
2019-11-01,30,228,5,0.021929824561403508
2019-08-01,41,157,4,0.025477707006369428
2020-01-01,47,309,5,0.016181229773462782
2021-11-01,18,859,15,0.017462165308498253
2020-10-01,4,526,8,0.015209125475285171
2022-05-01,24,1115,8,0.007174887892376682
2019-07-01,55,168,2,0.011904761904761904
2021-05-01,27,685,10,0.014598540145985401
2019-11-01,53,228,3,0.013157894736842105
2020-07-01,38,466,8,0.017167381974248927
2019-04-01,49,70,1,0.014285714285714285
2020-08-01,4,469,6,0.01279317697228145
2021-04-01,4,653,11,0.016845329249617153
2019-03-01,1,63,3,0.047619047619047616
2020-06-01,21,425,6,0.01411764705882353
2021-10-01,10,860,16,0.018604651162790697
2020-06-01,38,425,8,0.018823529411764704
2020-09-01,32,453,4,0.008830022075055188
2020-03-01,38,346,11,0.031791907514450865
2021-04-01,9,653,15,0.022970903522205207
2022-05-01,14,1115,21,0.01883408071748879
2020-03-01,34,346,5,0.014450867052023121
2021-04-01,37,653,2,0.0030627871362940277
2020-08-01,31,469,7,0.014925373134328358
2021-02-01,11,545,9,0.01651376146788991
2020-04-01,45,385,5,0.012987012987012988
2019-06-01,53,127,2,0.015748031496062992
2021-03-01,29,622,9,0.014469453376205787
2021-06-01,2,700,8,0.011428571428571429
2020-11-01,13,543,7,0.01289134438305709
2021-02-01,22,545,6,0.011009174311926606
2020-07-01,5,466,6,0.012875536480686695
2020-01-01,21,309,8,0.025889967637540454
2019-09-01,35,184,2,0.010869565217391304
2019-03-01,41,63,3,0.047619047619047616
2020-03-01,5,346,4,0.011560693641618497
2019-11-01,25,228,5,0.021929824561403508
2021-09-01,1,797,26,0.03262233375156838
2019-06-01,51,127,2,0.015748031496062992
2019-03-01,49,63,1,0.015873015873015872
2020-03-01,49,346,6,0.017341040462427744
2019-06-01,58,127,1,0.007874015748031496
2019-04-01,55,70,1,0.014285714285714285
2020-10-01,33,526,5,0.009505703422053232
2021-04-01,26,653,11,0.016845329249617153
2019-10-01,39,227,1,0.004405286343612335
2020-11-01,35,543,8,0.014732965009208104
2019-08-01,26,157,2,0.012738853503184714
2022-04-01,6,1049,24,0.022878932316491896
2020-11-01,27,543,7,0.01289134438305709
2019-11-01,12,228,1,0.0043859649122807015
2020-11-01,38,543,5,0.009208103130755065
2019-11-01,39,228,3,0.013157894736842105
2020-05-01,19,412,2,0.0048543689320388345
2021-06-01,29,700,11,0.015714285714285715
2020-07-01,9,466,7,0.015021459227467811
2019-07-01,38,168,3,0.017857142857142856
2019-08-01,2,157,2,0.012738853503184714
2019-07-01,49,168,2,0.011904761904761904
2019-05-01,32,102,1,0.00980392156862745
2019-12-01,5,259,4,0.015444015444015444
2019-06-01,17,127,4,0.031496062992125984
2020-03-01,46,346,2,0.005780346820809248
2021-09-01,13,797,16,0.020075282308657464
2021-03-01,1,622,25,0.04019292604501608
2020-07-01,14,466,6,0.012875536480686695
2020-10-01,15,526,5,0.009505703422053232
2021-05-01,21,685,13,0.01897810218978102
2021-04-01,25,653,5,0.007656967840735069
2021-06-01,18,700,9,0.012857142857142857
2020-06-01,24,425,3,0.007058823529411765
2020-02-01,15,300,5,0.016666666666666666
2020-05-01,8,412,5,0.012135922330097087
2019-09-01,42,184,3,0.016304347826086956
2020-03-01,21,346,5,0.014450867052023121
2022-02-01,23,902,18,0.019955654101995565
2023-05-01,12,1666,11,0.006602641056422569
2019-10-01,42,227,1,0.004405286343612335
2019-04-01,2,70,1,0.014285714285714285
2021-02-01,5,545,8,0.014678899082568808
2020-02-01,33,300,2,0.006666666666666667
2020-03-01,17,346,3,0.008670520231213872
2019-09-01,36,184,3,0.016304347826086956
2019-12-01,10,259,7,0.02702702702702703
2020-04-01,41,385,4,0.01038961038961039
2020-08-01,22,469,7,0.014925373134328358
2019-05-01,15,102,3,0.029411764705882353
2020-11-01,34,543,3,0.0055248618784530384
2020-03-01,33,346,5,0.014450867052023121
2021-07-01,4,763,9,0.011795543905635648
2020-07-01,28,466,4,0.008583690987124463
2019-07-01,13,168,1,0.005952380952380952
2019-09-01,28,184,4,0.021739130434782608
2021-02-01,8,545,4,0.007339449541284404
2020-05-01,32,412,6,0.014563106796116505
2019-04-01,31,70,2,0.02857142857142857
2020-09-01,18,453,7,0.01545253863134658
2019-05-01,50,102,2,0.0196078431372549
2020-04-01,31,385,4,0.01038961038961039
2019-10-01,2,227,2,0.00881057268722467
2020-08-01,20,469,5,0.010660980810234541
2020-06-01,30,425,6,0.01411764705882353
2020-02-01,26,300,4,0.013333333333333334
2020-10-01,36,526,9,0.017110266159695818
2021-07-01,31,763,14,0.01834862385321101
2019-07-01,28,168,2,0.011904761904761904
2020-02-01,34,300,3,0.01
2019-11-01,37,228,3,0.013157894736842105
2019-08-01,38,157,3,0.01910828025477707
2020-01-01,10,309,4,0.012944983818770227
2020-05-01,13,412,4,0.009708737864077669
2019-11-01,18,228,3,0.013157894736842105
2020-03-01,37,346,4,0.011560693641618497
2019-08-01,13,157,1,0.006369426751592357
2020-03-01,31,346,4,0.011560693641618497
2019-10-01,51,227,4,0.01762114537444934
2020-08-01,3,469,1,0.0021321961620469083
2020-04-01,22,385,2,0.005194805194805195
2019-09-01,2,184,2,0.010869565217391304
2019-04-01,46,70,2,0.02857142857142857
2020-07-01,30,466,4,0.008583690987124463
2019-05-01,41,102,2,0.0196078431372549
2019-07-01,34,168,1,0.005952380952380952
2022-04-01,25,1049,3,0.002859866539561487
2019-04-01,40,70,3,0.04285714285714286
2020-10-01,6,526,4,0.0076045627376425855
2020-04-01,30,385,5,0.012987012987012988
2020-05-01,35,412,4,0.009708737864077669
2019-06-01,44,127,3,0.023622047244094488
2019-11-01,6,228,1,0.0043859649122807015
2020-07-01,12,466,3,0.006437768240343348
2020-09-01,14,453,3,0.006622516556291391
2019-06-01,27,127,1,0.007874015748031496
2020-03-01,40,346,3,0.008670520231213872
2019-09-01,30,184,3,0.016304347826086956
2020-06-01,13,425,2,0.004705882352941176
2020-02-01,42,300,2,0.006666666666666667
2021-09-01,22,797,6,0.0075282308657465494
2020-02-01,41,300,2,0.006666666666666667
2019-03-01,2,63,2,0.031746031746031744
2019-04-01,27,70,3,0.04285714285714286
2020-05-01,37,412,7,0.01699029126213592
2020-07-01,8,466,2,0.004291845493562232
2019-04-01,51,70,1,0.014285714285714285
2019-08-01,7,157,3,0.01910828025477707
2019-07-01,33,168,1,0.005952380952380952
2019-11-01,44,228,1,0.0043859649122807015
2019-06-01,52,127,3,0.023622047244094488
2020-07-01,39,466,3,0.006437768240343348
2020-02-01,38,300,1,0.0033333333333333335
2019-06-01,2,127,2,0.015748031496062992
2019-12-01,50,259,3,0.011583011583011582
2019-02-01,43,25,2,0.08
2019-06-01,45,127,1,0.007874015748031496
2019-02-01,41,25,1,0.04
2019-08-01,40,157,1,0.006369426751592357
2019-03-01,50,63,1,0.015873015873015872
2019-07-01,53,168,2,0.011904761904761904
2020-02-01,35,300,1,0.0033333333333333335
2019-07-01,44,168,2,0.011904761904761904
2019-10-01,21,227,3,0.013215859030837005
2020-06-01,41,425,4,0.009411764705882352
2019-04-01,53,70,1,0.014285714285714285
2020-11-01,16,543,7,0.01289134438305709
2019-12-01,35,259,1,0.003861003861003861
2019-02-01,59,25,1,0.04
2019-09-01,51,184,2,0.010869565217391304
2019-05-01,59,102,3,0.029411764705882353
2019-06-01,23,127,1,0.007874015748031496
2019-11-01,11,228,1,0.0043859649122807015
2019-01-01,38,10,1,0.1
2019-05-01,36,102,2,0.0196078431372549
2020-01-01,20,309,2,0.006472491909385114
2019-03-01,55,63,1,0.015873015873015872
2019-03-01,18,63,1,0.015873015873015872
2020-01-01,24,309,2,0.006472491909385114
2019-03-01,61,63,1,0.015873015873015872
2019-05-01,18,102,2,0.0196078431372549
2019-10-01,22,227,1,0.004405286343612335
2019-06-01,37,127,1,0.007874015748031496
2019-07-01,46,168,2,0.011904761904761904
2019-06-01,16,127,1,0.007874015748031496
2020-04-01,7,385,1,0.0025974025974025974
2019-06-01,29,127,3,0.023622047244094488
2019-07-01,37,168,2,0.011904761904761904
2019-03-01,42,63,1,0.015873015873015872
2019-06-01,31,127,1,0.007874015748031496
2019-06-01,6,127,1,0.007874015748031496
2019-05-01,49,102,3,0.029411764705882353
2019-07-01,16,168,1,0.005952380952380952
2020-03-01,32,346,2,0.005780346820809248
2019-05-01,12,102,1,0.00980392156862745
2019-05-01,53,102,1,0.00980392156862745
2019-04-01,20,70,1,0.014285714285714285
2020-05-01,29,412,2,0.0048543689320388345
2020-03-01,25,346,1,0.002890173410404624
2019-03-01,19,63,1,0.015873015873015872
2019-06-01,36,127,1,0.007874015748031496
2020-09-01,44,453,1,0.002207505518763797
2019-03-01,36,63,1,0.015873015873015872
2019-02-01,9,25,1,0.04
2019-04-01,10,70,1,0.014285714285714285
2023-05-01,0,1666,1666,1.0
2020-05-01,28,412,6,0.014563106796116505
2022-09-01,14,1170,40,0.03418803418803419
2022-06-01,4,1143,22,0.019247594050743656
2021-06-01,34,700,9,0.012857142857142857
2021-06-01,0,700,700,1.0
2023-08-01,7,2010,85,0.04228855721393035
2020-02-01,16,300,3,0.01
2023-03-01,3,1574,47,0.02986022871664549
2023-12-01,5,2436,44,0.0180623973727422
2020-08-01,25,469,6,0.01279317697228145
2019-09-01,1,184,9,0.04891304347826087
2022-07-01,14,1132,18,0.015901060070671377
2021-06-01,13,700,15,0.02142857142857143
2020-10-01,13,526,4,0.0076045627376425855
2020-05-01,1,412,10,0.024271844660194174
2021-03-01,5,622,10,0.01607717041800643
2023-09-01,3,1982,97,0.04894046417759838
2020-08-01,0,469,469,1.0
2022-07-01,18,1132,29,0.02561837455830389
2023-10-01,2,2171,106,0.048825426070935055
2020-06-01,6,425,5,0.011764705882352941
2022-03-01,14,1034,23,0.022243713733075435
2020-05-01,30,412,7,0.01699029126213592
2022-03-01,8,1034,20,0.019342359767891684
2020-12-01,41,554,4,0.007220216606498195
2023-04-01,12,1575,46,0.029206349206349208
2020-04-01,20,385,8,0.02077922077922078
2020-11-01,1,543,16,0.029465930018416207
2019-11-01,16,228,2,0.008771929824561403
2021-01-01,25,632,14,0.022151898734177215
2020-11-01,41,543,11,0.020257826887661142
2019-03-01,0,63,63,1.0
2020-07-01,0,466,466,1.0
2021-01-01,9,632,10,0.015822784810126583
2023-11-01,1,2131,178,0.08352885969028626
2021-09-01,11,797,19,0.02383939774153074
2024-04-01,1,3706,377,0.10172692930383162
2021-09-01,14,797,12,0.015056461731493099
2021-07-01,24,763,17,0.022280471821756225
2021-02-01,26,545,10,0.01834862385321101
2019-09-01,37,184,2,0.010869565217391304
2021-06-01,25,700,12,0.017142857142857144
2023-10-01,1,2171,142,0.0654076462459696
2019-12-01,47,259,3,0.011583011583011582
2021-01-01,39,632,11,0.01740506329113924
2020-10-01,0,526,526,1.0
2021-03-01,25,622,6,0.00964630225080386
2021-02-01,27,545,8,0.014678899082568808
2021-05-01,5,685,19,0.027737226277372264
2021-01-01,10,632,9,0.014240506329113924
2022-06-01,15,1143,22,0.019247594050743656
2022-05-01,12,1115,23,0.02062780269058296
2021-08-01,10,769,8,0.010403120936280884
2022-07-01,4,1132,24,0.02120141342756184
2023-08-01,4,2010,86,0.042786069651741296
2023-01-01,2,1509,34,0.02253147779986746
2022-06-01,19,1143,28,0.024496937882764653
2021-02-01,3,545,9,0.01651376146788991
2022-10-01,1,1321,61,0.04617713853141559
2022-12-01,11,1359,40,0.029433406916850625
2022-10-01,13,1321,29,0.02195306585919758
2021-01-01,8,632,8,0.012658227848101266
2021-05-01,0,685,685,1.0
2023-10-01,6,2171,89,0.04099493321050207
2022-12-01,5,1359,40,0.029433406916850625
2020-09-01,23,453,6,0.013245033112582781
2023-06-01,9,1667,52,0.03119376124775045
2022-05-01,3,1115,19,0.017040358744394617
2021-11-01,6,859,14,0.01629802095459837
2021-02-01,31,545,9,0.01651376146788991
2020-03-01,35,346,6,0.017341040462427744
2020-02-01,4,300,4,0.013333333333333334
2019-10-01,9,227,5,0.022026431718061675
2022-09-01,4,1170,23,0.019658119658119658
2021-07-01,32,763,13,0.01703800786369594
2021-07-01,20,763,19,0.02490170380078637
2020-11-01,17,543,9,0.016574585635359115
2019-09-01,53,184,2,0.010869565217391304
2024-02-01,0,2614,2614,1.0
2023-09-01,0,1982,1982,1.0
2022-10-01,16,1321,36,0.02725208175624527
2023-11-01,5,2131,96,0.04504927264195214
2022-10-01,12,1321,37,0.028009084027252083
2021-03-01,37,622,14,0.022508038585209004
2022-04-01,13,1049,24,0.022878932316491896
2023-08-01,1,2010,134,0.06666666666666667
2019-08-01,18,157,3,0.01910828025477707
2022-03-01,1,1034,42,0.04061895551257253
2021-10-01,16,860,13,0.015116279069767442
2022-07-01,1,1132,49,0.04328621908127209
2021-08-01,0,769,769,1.0
2020-07-01,32,466,9,0.019313304721030045
2022-05-01,10,1115,26,0.023318385650224215
2021-01-01,14,632,8,0.012658227848101266
2020-04-01,18,385,10,0.025974025974025976
2021-04-01,5,653,10,0.015313935681470138
2022-04-01,11,1049,19,0.01811248808388942
2020-12-01,8,554,6,0.010830324909747292
2020-10-01,29,526,10,0.019011406844106463
2020-01-01,29,309,4,0.012944983818770227
2023-06-01,1,1667,94,0.05638872225554889
2020-07-01,26,466,12,0.02575107296137339
2020-07-01,21,466,8,0.017167381974248927
2024-01-01,4,2572,57,0.022161741835147745
2022-10-01,15,1321,36,0.02725208175624527
2019-12-01,26,259,2,0.007722007722007722
2024-04-01,0,3706,3706,1.0
2022-08-01,0,1215,1215,1.0
2022-11-01,16,1312,27,0.020579268292682928
2022-07-01,15,1132,25,0.022084805653710248
2019-07-01,0,168,168,1.0
2021-07-01,12,763,12,0.015727391874180863
2020-06-01,4,425,5,0.011764705882352941
2021-04-01,19,653,8,0.01225114854517611
2022-11-01,1,1312,52,0.039634146341463415
2021-03-01,3,622,15,0.024115755627009645
2022-11-01,0,1312,1312,1.0
2024-02-01,2,2614,205,0.0784238714613619
2019-08-01,22,157,5,0.03184713375796178
2023-08-01,5,2010,90,0.04477611940298507
2020-09-01,42,453,8,0.017660044150110375
2020-06-01,35,425,15,0.03529411764705882
2022-04-01,20,1049,23,0.0219256434699714
2021-05-01,17,685,8,0.01167883211678832
2021-10-01,26,860,12,0.013953488372093023
2021-12-01,7,921,15,0.016286644951140065
2023-05-01,5,1666,61,0.036614645858343335
2021-06-01,6,700,11,0.015714285714285715
2023-04-01,5,1575,45,0.02857142857142857
2021-05-01,9,685,7,0.010218978102189781
2023-11-01,6,2131,33,0.015485687470671047
2022-07-01,20,1132,29,0.02561837455830389
2022-01-01,22,1027,25,0.024342745861733205
2020-11-01,2,543,12,0.022099447513812154
2021-02-01,9,545,8,0.014678899082568808
2019-09-01,16,184,2,0.010869565217391304
2023-04-01,9,1575,41,0.02603174603174603
2022-09-01,7,1170,24,0.020512820512820513
2022-03-01,25,1034,21,0.020309477756286266
2020-09-01,13,453,5,0.011037527593818985
2019-12-01,43,259,7,0.02702702702702703
2021-04-01,34,653,13,0.019908116385911178
2020-04-01,19,385,8,0.02077922077922078
2022-12-01,12,1359,32,0.0235467255334805
2019-06-01,48,127,4,0.031496062992125984
2020-06-01,18,425,4,0.009411764705882352
2020-05-01,6,412,4,0.009708737864077669
2020-09-01,21,453,7,0.01545253863134658
2022-08-01,3,1215,27,0.022222222222222223
2022-09-01,20,1170,7,0.005982905982905983
2020-06-01,23,425,1,0.002352941176470588
2023-06-01,4,1667,49,0.029394121175764846
2023-10-01,3,2171,89,0.04099493321050207
2021-10-01,15,860,16,0.018604651162790697
2020-04-01,38,385,5,0.012987012987012988
2020-09-01,26,453,3,0.006622516556291391
2021-09-01,9,797,14,0.01756587202007528
2022-10-01,3,1321,36,0.02725208175624527
2021-11-01,12,859,17,0.01979045401629802
2021-01-01,20,632,6,0.00949367088607595
2023-03-01,2,1574,53,0.033672172808132145
2020-01-01,23,309,7,0.022653721682847898
2021-01-01,29,632,20,0.03164556962025317
2020-08-01,1,469,14,0.029850746268656716
2020-08-01,33,469,8,0.017057569296375266
2021-08-01,19,769,16,0.02080624187256177
2019-05-01,29,102,1,0.00980392156862745
2023-08-01,6,2010,84,0.041791044776119404
2021-04-01,24,653,12,0.018376722817764167
2021-03-01,16,622,11,0.017684887459807074
2022-04-01,21,1049,22,0.020972354623450904
2019-11-01,17,228,3,0.013157894736842105
2020-08-01,21,469,8,0.017057569296375266
2021-10-01,21,860,16,0.018604651162790697
2021-03-01,6,622,14,0.022508038585209004
2023-05-01,9,1666,50,0.030012004801920768
2019-07-01,1,168,5,0.02976190476190476
2019-03-01,21,63,2,0.031746031746031744
2020-04-01,15,385,7,0.01818181818181818
2021-07-01,26,763,8,0.010484927916120577
2021-07-01,17,763,15,0.019659239842726082
2019-10-01,8,227,5,0.022026431718061675
2022-07-01,3,1132,34,0.030035335689045935
2023-09-01,5,1982,73,0.036831483350151364
2019-12-01,17,259,6,0.023166023166023165
2022-08-01,20,1215,32,0.02633744855967078
2022-03-01,21,1034,20,0.019342359767891684
2022-08-01,17,1215,28,0.023045267489711935
2022-10-01,7,1321,34,0.025738077214231644
2022-03-01,24,1034,23,0.022243713733075435
2022-03-01,3,1034,22,0.02127659574468085
2023-03-01,14,1574,9,0.005717916137229987
2020-01-01,22,309,5,0.016181229773462782
2020-03-01,8,346,2,0.005780346820809248
2021-12-01,16,921,16,0.01737242128121607
2021-01-01,1,632,26,0.04113924050632911
2021-08-01,31,769,15,0.01950585175552666
2021-10-01,22,860,21,0.02441860465116279
2022-06-01,10,1143,30,0.026246719160104987
2022-05-01,7,1115,24,0.021524663677130046
2022-01-01,19,1027,13,0.012658227848101266
2021-10-01,27,860,12,0.013953488372093023
2021-01-01,37,632,3,0.004746835443037975
2019-05-01,21,102,2,0.0196078431372549
2021-09-01,19,797,11,0.013801756587202008
2021-11-01,16,859,8,0.009313154831199068
2019-03-01,40,63,1,0.015873015873015872
2020-06-01,17,425,8,0.018823529411764704
2022-09-01,18,1170,32,0.02735042735042735
2020-08-01,35,469,5,0.010660980810234541
2020-11-01,23,543,10,0.01841620626151013
2021-06-01,27,700,16,0.022857142857142857
2020-12-01,23,554,14,0.02527075812274368
2021-01-01,22,632,4,0.006329113924050633
2022-01-01,6,1027,14,0.013631937682570594
2020-07-01,1,466,16,0.034334763948497854
2023-10-01,7,2171,35,0.016121602947950252
2022-04-01,10,1049,20,0.019065776930409915
2021-01-01,28,632,8,0.012658227848101266
2019-08-01,49,157,2,0.012738853503184714
2021-04-01,35,653,10,0.015313935681470138
2021-09-01,20,797,15,0.018820577164366373
2022-03-01,7,1034,23,0.022243713733075435
2021-10-01,13,860,16,0.018604651162790697
2021-05-01,11,685,12,0.017518248175182483
2021-02-01,13,545,14,0.025688073394495414
2020-08-01,14,469,7,0.014925373134328358
2020-01-01,5,309,6,0.019417475728155338
2022-08-01,18,1215,23,0.018930041152263374
2019-07-01,4,168,4,0.023809523809523808
2019-08-01,35,157,4,0.025477707006369428
2020-02-01,11,300,5,0.016666666666666666
2019-07-01,14,168,3,0.017857142857142856
2021-06-01,14,700,9,0.012857142857142857
2020-10-01,34,526,6,0.011406844106463879
2019-11-01,24,228,5,0.021929824561403508
2021-07-01,28,763,16,0.020969855832241154
2023-01-01,12,1509,40,0.026507620941020542
2020-02-01,45,300,7,0.023333333333333334
2020-07-01,29,466,8,0.017167381974248927
2022-03-01,23,1034,27,0.02611218568665377
2022-02-01,26,902,13,0.014412416851441241
2020-01-01,4,309,4,0.012944983818770227
2021-09-01,3,797,15,0.018820577164366373
2020-06-01,14,425,6,0.01411764705882353
2023-02-01,12,1324,28,0.021148036253776436
2021-05-01,15,685,8,0.01167883211678832
2021-01-01,38,632,9,0.014240506329113924
2021-01-01,2,632,9,0.014240506329113924
2019-10-01,18,227,6,0.02643171806167401
2021-09-01,4,797,17,0.02132998745294856
2019-10-01,1,227,7,0.030837004405286344
2022-02-01,16,902,9,0.009977827050997782
2020-04-01,13,385,4,0.01038961038961039
2021-11-01,30,859,3,0.0034924330616996507
2021-01-01,4,632,8,0.012658227848101266
2020-05-01,46,412,6,0.014563106796116505
2019-05-01,14,102,1,0.00980392156862745
2021-12-01,21,921,13,0.014115092290988056
2021-04-01,12,653,9,0.013782542113323124
2022-02-01,4,902,10,0.011086474501108648
2019-05-01,23,102,2,0.0196078431372549
2021-05-01,19,685,13,0.01897810218978102
2021-06-01,3,700,6,0.008571428571428572
2021-09-01,5,797,15,0.018820577164366373
2020-10-01,8,526,9,0.017110266159695818
2019-08-01,46,157,4,0.025477707006369428
2020-12-01,30,554,8,0.01444043321299639
2021-06-01,20,700,7,0.01
2020-03-01,10,346,6,0.017341040462427744
2019-08-01,8,157,1,0.006369426751592357
2019-07-01,43,168,3,0.017857142857142856
2020-11-01,19,543,5,0.009208103130755065
2020-09-01,4,453,4,0.008830022075055188
2021-12-01,6,921,19,0.02062975027144408
2020-01-01,48,309,5,0.016181229773462782
2022-02-01,7,902,14,0.015521064301552107
2022-01-01,12,1027,20,0.019474196689386564
2020-09-01,22,453,6,0.013245033112582781
2020-05-01,14,412,8,0.019417475728155338
2019-04-01,34,70,1,0.014285714285714285
2020-12-01,16,554,10,0.018050541516245487
2020-10-01,5,526,11,0.02091254752851711
2020-11-01,12,543,6,0.011049723756906077
2019-12-01,48,259,4,0.015444015444015444
2021-12-01,25,921,16,0.01737242128121607
2021-12-01,23,921,13,0.014115092290988056
2021-07-01,11,763,8,0.010484927916120577
2020-08-01,27,469,2,0.0042643923240938165
2019-03-01,13,63,1,0.015873015873015872
2020-10-01,39,526,5,0.009505703422053232
2019-10-01,54,227,6,0.02643171806167401
2020-03-01,6,346,4,0.011560693641618497
2022-07-01,13,1132,22,0.019434628975265017
2022-09-01,5,1170,34,0.02905982905982906
2019-02-01,21,25,1,0.04
2022-06-01,9,1143,21,0.01837270341207349
2020-04-01,33,385,7,0.01818181818181818
2020-11-01,30,543,3,0.0055248618784530384
2020-09-01,40,453,8,0.017660044150110375
2022-09-01,12,1170,22,0.018803418803418803
2020-11-01,29,543,7,0.01289134438305709
2020-05-01,2,412,8,0.019417475728155338
2022-04-01,22,1049,18,0.017159199237368923
2019-11-01,38,228,4,0.017543859649122806
2020-07-01,4,466,6,0.012875536480686695
2020-10-01,24,526,10,0.019011406844106463
2022-02-01,25,902,22,0.024390243902439025
2020-05-01,44,412,8,0.019417475728155338
2020-04-01,28,385,3,0.007792207792207792
2022-02-01,3,902,15,0.01662971175166297
2022-09-01,15,1170,30,0.02564102564102564
2019-12-01,19,259,5,0.019305019305019305
2020-05-01,10,412,5,0.012135922330097087
2021-04-01,22,653,11,0.016845329249617153
2020-09-01,8,453,4,0.008830022075055188
2022-02-01,9,902,21,0.02328159645232816
2020-03-01,48,346,3,0.008670520231213872
2021-09-01,2,797,13,0.01631116687578419
2021-05-01,25,685,6,0.008759124087591242
2020-10-01,10,526,4,0.0076045627376425855
2020-08-01,15,469,12,0.0255863539445629
2021-07-01,23,763,12,0.015727391874180863
2019-08-01,34,157,4,0.025477707006369428
2021-06-01,23,700,13,0.018571428571428572
2019-05-01,6,102,3,0.029411764705882353
2021-11-01,4,859,16,0.018626309662398137
2020-12-01,19,554,7,0.01263537906137184
2021-03-01,10,622,5,0.008038585209003215
2020-02-01,5,300,4,0.013333333333333334
2020-03-01,30,346,4,0.011560693641618497
2020-12-01,36,554,8,0.01444043321299639
2020-03-01,3,346,5,0.014450867052023121
2019-06-01,9,127,3,0.023622047244094488
2020-09-01,19,453,3,0.006622516556291391
2021-09-01,24,797,18,0.02258469259723965
2020-12-01,31,554,8,0.01444043321299639
2021-09-01,29,797,14,0.01756587202007528
2022-08-01,21,1215,5,0.00411522633744856
2020-08-01,28,469,6,0.01279317697228145
2021-12-01,15,921,19,0.02062975027144408
2019-10-01,49,227,3,0.013215859030837005
2021-02-01,32,545,5,0.009174311926605505
2020-08-01,43,469,8,0.017057569296375266
2021-10-01,4,860,14,0.01627906976744186
2021-05-01,28,685,7,0.010218978102189781
2019-08-01,11,157,1,0.006369426751592357
2020-03-01,11,346,6,0.017341040462427744
2020-04-01,48,385,8,0.02077922077922078
2020-05-01,47,412,7,0.01699029126213592
2020-04-01,42,385,5,0.012987012987012988
2020-02-01,8,300,8,0.02666666666666667
2021-03-01,35,622,7,0.011254019292604502
2020-11-01,37,543,8,0.014732965009208104
2019-09-01,17,184,2,0.010869565217391304
2019-05-01,56,102,1,0.00980392156862745
2019-08-01,52,157,3,0.01910828025477707
2021-07-01,33,763,13,0.01703800786369594
2020-09-01,35,453,6,0.013245033112582781
2021-06-01,10,700,12,0.017142857142857144
2019-10-01,11,227,4,0.01762114537444934
2020-12-01,25,554,9,0.016245487364620937
2020-04-01,26,385,5,0.012987012987012988
2020-01-01,49,309,2,0.006472491909385114
2019-11-01,7,228,4,0.017543859649122806
2020-08-01,6,469,5,0.010660980810234541
2020-10-01,23,526,5,0.009505703422053232
2020-07-01,2,466,4,0.008583690987124463
2019-11-01,34,228,5,0.021929824561403508
2020-08-01,39,469,5,0.010660980810234541
2020-04-01,49,385,3,0.007792207792207792
2020-09-01,11,453,4,0.008830022075055188
2020-09-01,28,453,9,0.019867549668874173
2019-09-01,5,184,1,0.005434782608695652
2019-09-01,6,184,4,0.021739130434782608
2022-02-01,12,902,14,0.015521064301552107
2022-03-01,26,1034,4,0.0038684719535783366
2021-02-01,18,545,8,0.014678899082568808
2020-02-01,6,300,2,0.006666666666666667
2022-09-01,13,1170,18,0.015384615384615385
2020-11-01,42,543,2,0.003683241252302026
2020-12-01,39,554,3,0.005415162454873646
2019-06-01,34,127,2,0.015748031496062992
2020-02-01,49,300,3,0.01
2020-07-01,7,466,10,0.02145922746781116
2020-12-01,27,554,8,0.01444043321299639
2020-10-01,21,526,6,0.011406844106463879
2021-09-01,12,797,16,0.020075282308657464
2021-04-01,3,653,13,0.019908116385911178
2019-07-01,51,168,4,0.023809523809523808
2022-07-01,22,1132,4,0.0035335689045936395
2020-01-01,32,309,2,0.006472491909385114
2020-04-01,11,385,5,0.012987012987012988
2020-11-01,28,543,6,0.011049723756906077
2020-01-01,31,309,3,0.009708737864077669
2019-06-01,15,127,2,0.015748031496062992
2019-06-01,26,127,4,0.031496062992125984
2019-12-01,18,259,3,0.011583011583011582
2019-11-01,27,228,2,0.008771929824561403
2021-09-01,21,797,15,0.018820577164366373
2020-01-01,14,309,2,0.006472491909385114
2019-06-01,40,127,1,0.007874015748031496
2019-04-01,7,70,1,0.014285714285714285
2020-06-01,20,425,10,0.023529411764705882
2019-09-01,7,184,2,0.010869565217391304
2019-12-01,45,259,3,0.011583011583011582
2020-03-01,36,346,8,0.023121387283236993
2020-11-01,31,543,8,0.014732965009208104
2020-02-01,40,300,3,0.01
2022-12-01,17,1359,7,0.0051508462104488595
2020-06-01,2,425,2,0.004705882352941176
2020-12-01,7,554,9,0.016245487364620937
2020-01-01,50,309,5,0.016181229773462782
2019-07-01,52,168,5,0.02976190476190476
2019-08-01,20,157,3,0.01910828025477707
2021-06-01,5,700,8,0.011428571428571429
2021-02-01,2,545,3,0.005504587155963303
2019-07-01,40,168,1,0.005952380952380952
2020-01-01,2,309,7,0.022653721682847898
2021-06-01,35,700,3,0.004285714285714286
2020-09-01,43,453,10,0.02207505518763797
2021-08-01,21,769,11,0.014304291287386216
2019-11-01,47,228,5,0.021929824561403508
2020-01-01,51,309,2,0.006472491909385114
2021-07-01,34,763,3,0.003931847968545216
2020-07-01,43,466,4,0.008583690987124463
2021-04-01,23,653,6,0.009188361408882083
2019-01-01,8,10,1,0.1
2020-04-01,27,385,4,0.01038961038961039
2019-07-01,23,168,2,0.011904761904761904
2019-12-01,7,259,4,0.015444015444015444
2019-11-01,29,228,3,0.013157894736842105
2020-10-01,35,526,5,0.009505703422053232
2021-05-01,12,685,8,0.01167883211678832
2019-02-01,47,25,1,0.04
2019-12-01,40,259,2,0.007722007722007722
2020-08-01,24,469,6,0.01279317697228145
2021-10-01,24,860,17,0.019767441860465116
2019-05-01,7,102,1,0.00980392156862745
2021-02-01,16,545,6,0.011009174311926606
2019-11-01,46,228,3,0.013157894736842105
2019-10-01,35,227,4,0.01762114537444934
2020-09-01,9,453,9,0.019867549668874173
2020-01-01,19,309,5,0.016181229773462782
2019-09-01,47,184,1,0.005434782608695652
2019-11-01,43,228,5,0.021929824561403508
2020-09-01,37,453,5,0.011037527593818985
2020-02-01,37,300,8,0.02666666666666667
2020-08-01,2,469,5,0.010660980810234541
2019-12-01,51,259,3,0.011583011583011582
2019-08-01,29,157,4,0.025477707006369428
2019-08-01,9,157,1,0.006369426751592357
2021-09-01,32,797,3,0.0037641154328732747
2020-03-01,16,346,5,0.014450867052023121
2020-05-01,21,412,3,0.007281553398058253
2020-01-01,40,309,2,0.006472491909385114
2019-07-01,8,168,1,0.005952380952380952
2019-09-01,43,184,2,0.010869565217391304
2020-05-01,27,412,3,0.007281553398058253
2019-04-01,12,70,1,0.014285714285714285
2019-04-01,5,70,2,0.02857142857142857
2021-02-01,17,545,5,0.009174311926605505
2019-08-01,32,157,1,0.006369426751592357
2020-07-01,19,466,6,0.012875536480686695
2019-07-01,56,168,3,0.017857142857142856
2019-08-01,55,157,2,0.012738853503184714
2019-06-01,20,127,3,0.023622047244094488
2020-03-01,7,346,4,0.011560693641618497
2019-08-01,39,157,1,0.006369426751592357
2021-03-01,2,622,6,0.00964630225080386
2019-06-01,8,127,1,0.007874015748031496
2019-09-01,25,184,1,0.005434782608695652
2020-01-01,36,309,5,0.016181229773462782
2019-03-01,57,63,1,0.015873015873015872
2020-06-01,47,425,1,0.002352941176470588
2019-09-01,49,184,3,0.016304347826086956
2019-10-01,36,227,3,0.013215859030837005
2019-06-01,28,127,1,0.007874015748031496
2020-07-01,33,466,10,0.02145922746781116
2019-05-01,3,102,1,0.00980392156862745
2020-09-01,7,453,5,0.011037527593818985
2020-04-01,5,385,2,0.005194805194805195
2019-10-01,32,227,4,0.01762114537444934
2019-04-01,45,70,2,0.02857142857142857
2019-12-01,46,259,2,0.007722007722007722
2019-04-01,11,70,1,0.014285714285714285
2019-11-01,32,228,3,0.013157894736842105
2019-06-01,4,127,2,0.015748031496062992
2019-11-01,50,228,3,0.013157894736842105
2019-03-01,33,63,1,0.015873015873015872
2019-07-01,27,168,2,0.011904761904761904
2019-04-01,33,70,1,0.014285714285714285
2019-07-01,19,168,2,0.011904761904761904
2020-02-01,18,300,2,0.006666666666666667
2019-07-01,20,168,1,0.005952380952380952
2019-09-01,11,184,1,0.005434782608695652
2020-02-01,46,300,3,0.01
2019-08-01,25,157,1,0.006369426751592357
2019-06-01,22,127,1,0.007874015748031496
2019-07-01,21,168,4,0.023809523809523808
2019-09-01,4,184,1,0.005434782608695652
2019-04-01,18,70,1,0.014285714285714285
2019-11-01,15,228,1,0.0043859649122807015
2019-03-01,38,63,1,0.015873015873015872
2020-02-01,13,300,2,0.006666666666666667
2019-05-01,57,102,1,0.00980392156862745
2019-05-01,52,102,1,0.00980392156862745
2019-07-01,22,168,2,0.011904761904761904
2019-09-01,44,184,2,0.010869565217391304
2019-08-01,47,157,2,0.012738853503184714
2019-08-01,14,157,1,0.006369426751592357
2019-08-01,12,157,2,0.012738853503184714
2019-06-01,50,127,1,0.007874015748031496
2019-11-01,26,228,1,0.0043859649122807015
2019-11-01,19,228,2,0.008771929824561403
2019-11-01,2,228,2,0.008771929824561403
2019-07-01,45,168,1,0.005952380952380952
2019-05-01,48,102,1,0.00980392156862745
2019-02-01,13,25,1,0.04
