antecedent,consequent,pair_orders,support,confidence,lift,antecedent_orders,consequent_orders,eligible_orders
Dresses,Suits,54,0.0005763319672131147,0.013190034196384953,1.5967098760523057,4094,774,93696
Suits,Dresses,54,0.0005763319672131147,0.06976744186046512,1.5967098760523055,774,4094,93696
Suits,Socks & Hosiery,36,0.00038422131147540983,0.046511627906976744,1.544278344568424,774,2822,93696
Socks & Hosiery,Suits,36,0.00038422131147540983,0.012756909992912827,1.544278344568424,2822,774,93696
Maternity,Suits,47,0.0005016222677595629,0.012509981368112856,1.5143865817399254,3757,774,93696
Suits,Maternity,47,0.0005016222677595629,0.060723514211886306,1.5143865817399254,774,3757,93696
Jumpsuits & Rompers,Pants & Capris,28,0.00029883879781420766,0.04046242774566474,1.5032385527588437,692,2522,93696
Pants & Capris,Jumpsuits & Rompers,28,0.00029883879781420766,0.011102299762093577,1.5032385527588434,2522,692,93696
Leggings,Plus,113,0.001206028005464481,0.049366535605067714,1.4591315205212696,2289,3170,93696
Plus,Leggings,113,0.001206028005464481,0.03564668769716088,1.4591315205212694,3170,2289,93696
Pants & Capris,Plus,124,0.0013234289617486338,0.04916732751784298,1.453243507606251,2522,3170,93696
Plus,Pants & Capris,124,0.0013234289617486338,0.039116719242902206,1.453243507606251,3170,2522,93696
Suits,Leggings,27,0.00028816598360655737,0.03488372093023256,1.4279008808558626,774,2289,93696
Leggings,Suits,27,0.00028816598360655737,0.011795543905635648,1.4279008808558626,2289,774,93696
Plus,Dresses,193,0.002059853142076503,0.06088328075709779,1.3933854112889679,3170,4094,93696
Dresses,Plus,193,0.002059853142076503,0.047142159257449925,1.3933854112889679,4094,3170,93696
Socks & Hosiery,Plus,132,0.0014088114754098361,0.04677533664068037,1.382543199332867,2822,3170,93696
Plus,Socks & Hosiery,132,0.0014088114754098361,0.0416403785488959,1.3825431993328667,3170,2822,93696
Plus,Blazers & Jackets,110,0.00117400956284153,0.03470031545741325,1.3800003213488081,3170,2356,93696
Blazers & Jackets,Plus,110,0.00117400956284153,0.0466893039049236,1.3800003213488081,2356,3170,93696
Dresses,Blazers & Jackets,136,0.0014515027322404373,0.03321934538348803,1.3211034741304306,4094,2356,93696
Blazers & Jackets,Dresses,136,0.0014515027322404373,0.057724957555178265,1.3211034741304304,2356,4094,93696
Socks & Hosiery,Maternity,149,0.0015902493169398907,0.05279943302622254,1.3167675477308882,2822,3757,93696
Maternity,Socks & Hosiery,149,0.0015902493169398907,0.03965930263508118,1.3167675477308882,3757,2822,93696
Maternity,Leggings,120,0.0012807377049180327,0.03194037796113921,1.3074205563332892,3757,2289,93696
Leggings,Maternity,120,0.0012807377049180327,0.05242463958060288,1.3074205563332892,2289,3757,93696
Leggings,Intimates,294,0.0031378073770491803,0.12844036697247707,1.2945727865590804,2289,9296,93696
Intimates,Leggings,294,0.0031378073770491803,0.03162650602409638,1.2945727865590801,9296,2289,93696
Leggings,Blazers & Jackets,74,0.0007897882513661202,0.03232852774137178,1.2856764580881028,2289,2356,93696
Blazers & Jackets,Leggings,74,0.0007897882513661202,0.031409168081494056,1.2856764580881026,2356,2289,93696
Socks,Underwear,334,0.0035647199453551913,0.07350352112676056,1.2765497526400293,4544,5395,93696
Underwear,Socks,334,0.0035647199453551913,0.06190917516218721,1.2765497526400293,5395,4544,93696
Suits & Sport Coats,Underwear,269,0.0028709870218579236,0.07311769502582223,1.269849036726495,3679,5395,93696
Underwear,Suits & Sport Coats,269,0.0028709870218579236,0.04986098239110287,1.2698490367264947,5395,3679,93696
Jumpsuits & Rompers,Maternity,35,0.00037354849726775954,0.05057803468208093,1.261367989771694,692,3757,93696
Maternity,Jumpsuits & Rompers,35,0.00037354849726775954,0.009315943571998934,1.2613679897716938,3757,692,93696
Intimates,Pants & Capris,315,0.003361936475409836,0.0338855421686747,1.258897604693158,9296,2522,93696
Pants & Capris,Intimates,315,0.003361936475409836,0.12490087232355274,1.258897604693158,2522,9296,93696
Intimates,Skirts,188,0.0020064890710382514,0.020223752151462996,1.2499239324429268,9296,1516,93696
Skirts,Intimates,188,0.0020064890710382514,0.12401055408970976,1.2499239324429265,1516,9296,93696
Leggings,Pants & Capris,77,0.0008218066939890711,0.03363914373088685,1.249743541240751,2289,2522,93696
Pants & Capris,Leggings,77,0.0008218066939890711,0.030531324345757335,1.249743541240751,2522,2289,93696
Dresses,Socks & Hosiery,154,0.0016436133879781422,0.03761602344894968,1.2489266240513073,4094,2822,93696
Socks & Hosiery,Dresses,154,0.0016436133879781422,0.05457122608079376,1.2489266240513073,2822,4094,93696
Intimates,Suits,95,0.001013917349726776,0.010219449225473323,1.237107900038693,9296,774,93696
Suits,Intimates,95,0.001013917349726776,0.1227390180878553,1.2371079000386929,774,9296,93696
Socks & Hosiery,Leggings,85,0.0009071892076502733,0.030120481927710843,1.2329264633896002,2822,2289,93696
Leggings,Socks & Hosiery,85,0.0009071892076502733,0.03713411970292704,1.2329264633896002,2289,2822,93696
Suits & Sport Coats,Pants,252,0.002689549180327869,0.06849687415058439,1.2304223773798226,3679,5216,93696
Pants,Suits & Sport Coats,252,0.002689549180327869,0.04831288343558282,1.2304223773798226,5216,3679,93696
Intimates,Jumpsuits & Rompers,84,0.000896516393442623,0.009036144578313253,1.2234835294936972,9296,692,93696
Jumpsuits & Rompers,Intimates,84,0.000896516393442623,0.12138728323699421,1.2234835294936972,692,9296,93696
Pants,Underwear,367,0.00391692281420765,0.07036042944785276,1.2219630764682137,5216,5395,93696
Underwear,Pants,367,0.00391692281420765,0.06802594995366079,1.2219630764682134,5395,5216,93696
Plus,Intimates,382,0.0040770150273224046,0.12050473186119874,1.2145881407559032,3170,9296,93696
Intimates,Plus,382,0.0040770150273224046,0.041092943201376936,1.2145881407559032,9296,3170,93696
Socks & Hosiery,Intimates,340,0.003628756830601093,0.12048192771084337,1.2143582937602388,2822,9296,93696
Intimates,Socks & Hosiery,340,0.003628756830601093,0.03657487091222031,1.2143582937602388,9296,2822,93696
Plus,Skirts,62,0.0006617144808743169,0.019558359621451103,1.2087995139125876,3170,1516,93696
Skirts,Plus,62,0.0006617144808743169,0.040897097625329816,1.2087995139125876,1516,3170,93696
Suits,Pants & Capris,25,0.00026682035519125686,0.03229974160206718,1.1999827871321518,774,2522,93696
Pants & Capris,Suits,25,0.00026682035519125686,0.009912767644726407,1.1999827871321518,2522,774,93696
Maternity,Intimates,446,0.004760075136612022,0.11871173808890072,1.1965162448340836,3757,9296,93696
Intimates,Maternity,446,0.004760075136612022,0.0479776247848537,1.1965162448340836,9296,3757,93696
Dresses,Skirts,79,0.0008431523224043715,0.019296531509526135,1.1926172930848027,4094,1516,93696
Skirts,Dresses,79,0.0008431523224043715,0.052110817941952506,1.1926172930848025,1516,4094,93696
Dresses,Intimates,476,0.00508025956284153,0.1162677088422081,1.1718824491909994,4094,9296,93696
Intimates,Dresses,476,0.00508025956284153,0.05120481927710843,1.1718824491909994,9296,4094,93696
Pants & Capris,Socks & Hosiery,88,0.000939207650273224,0.034892942109436956,1.158514919874488,2522,2822,93696
Socks & Hosiery,Pants & Capris,88,0.000939207650273224,0.03118355776045358,1.158514919874488,2822,2522,93696
Jumpsuits & Rompers,Plus,27,0.00028816598360655737,0.03901734104046243,1.1532393647088857,692,3170,93696
Plus,Jumpsuits & Rompers,27,0.00028816598360655737,0.008517350157728707,1.1532393647088857,3170,692,93696
Maternity,Skirts,70,0.0007470969945355191,0.01863188714399787,1.1515391146728393,3757,1516,93696
Skirts,Maternity,70,0.0007470969945355191,0.04617414248021108,1.1515391146728393,1516,3757,93696
Intimates,Blazers & Jackets,268,0.0028603142076502734,0.02882960413080895,1.1465274145332238,9296,2356,93696
Blazers & Jackets,Intimates,268,0.0028603142076502734,0.11375212224108659,1.1465274145332238,2356,9296,93696
Plus,Maternity,145,0.0015475580601092896,0.04574132492113565,1.1407450571761313,3170,3757,93696
Maternity,Plus,145,0.0015475580601092896,0.038594623369709875,1.1407450571761313,3757,3170,93696
Blazers & Jackets,Pants & Capris,72,0.0007684426229508197,0.030560271646859084,1.1353589263378703,2356,2522,93696
Pants & Capris,Blazers & Jackets,72,0.0007684426229508197,0.028548770816812053,1.1353589263378703,2522,2356,93696
Dresses,Pants & Capris,125,0.0013341017759562841,0.03053248656570591,1.134326669809826,4094,2522,93696
Pants & Capris,Dresses,125,0.0013341017759562841,0.049563838223632035,1.1343266698098258,2522,4094,93696
Dresses,Maternity,185,0.0019744706284153006,0.04518808011724475,1.1269476589473952,4094,3757,93696
Maternity,Dresses,185,0.0019744706284153006,0.04924141602342295,1.1269476589473952,3757,4094,93696
Leggings,Dresses,111,0.0011846823770491803,0.04849279161205767,1.109814509741904,2289,4094,93696
Dresses,Leggings,111,0.0011846823770491803,0.02711284807034685,1.1098145097419039,4094,2289,93696
Maternity,Pants & Capris,112,0.0011953551912568306,0.029811019430396594,1.1075231072761456,3757,2522,93696
Pants & Capris,Maternity,112,0.0011953551912568306,0.04440919904837431,1.1075231072761456,2522,3757,93696
Leggings,Skirts,41,0.0004375853825136612,0.017911751856705984,1.1070313337506095,2289,1516,93696
Skirts,Leggings,41,0.0004375853825136612,0.02704485488126649,1.1070313337506095,1516,2289,93696
Socks,Pants,272,0.0029030054644808745,0.05985915492957746,1.075261384256459,4544,5216,93696
Pants,Socks,272,0.0029030054644808745,0.05214723926380368,1.075261384256459,5216,4544,93696
Blazers & Jackets,Socks & Hosiery,76,0.0008111338797814208,0.03225806451612903,1.071031755103907,2356,2822,93696
Socks & Hosiery,Blazers & Jackets,76,0.0008111338797814208,0.026931254429482635,1.071031755103907,2822,2356,93696
Maternity,Blazers & Jackets,100,0.0010672814207650274,0.026616981634282673,1.0585334088309633,3757,2356,93696
Blazers & Jackets,Maternity,100,0.0010672814207650274,0.042444821731748725,1.0585334088309633,2356,3757,93696
Socks & Hosiery,Skirts,48,0.0005122950819672131,0.01700921332388377,1.0512501659595077,2822,1516,93696
Skirts,Socks & Hosiery,48,0.0005122950819672131,0.0316622691292876,1.0512501659595077,1516,2822,93696
Suits & Sport Coats,Socks,185,0.0019744706284153006,0.0502854036422941,1.03687085820167,3679,4544,93696
Socks,Suits & Sport Coats,185,0.0019744706284153006,0.040713028169014086,1.03687085820167,4544,3679,93696
Skirts,Blazers & Jackets,38,0.0004055669398907104,0.025065963060686015,0.9968507958124097,1516,2356,93696
Blazers & Jackets,Skirts,38,0.0004055669398907104,0.016129032258064516,0.9968507958124097,2356,1516,93696
Jumpsuits & Rompers,Dresses,28,0.00029883879781420766,0.04046242774566474,0.9260301978646319,692,4094,93696
Dresses,Jumpsuits & Rompers,28,0.00029883879781420766,0.006839276990718124,0.9260301978646319,4094,692,93696
Pants & Capris,Skirts,37,0.0003948941256830601,0.014670896114195083,0.9067310569364265,2522,1516,93696
Skirts,Pants & Capris,37,0.0003948941256830601,0.024406332453825858,0.9067310569364265,1516,2522,93696
Suits & Sport Coats,Tops & Tees,293,0.00312713456284153,0.07964120684968741,0.8656685054510802,3679,8620,93696
Tops & Tees,Suits & Sport Coats,293,0.00312713456284153,0.0339907192575406,0.8656685054510802,8620,3679,93696
Suits & Sport Coats,Outerwear & Coats,207,0.0022092725409836064,0.056265289480837186,0.811175959870214,3679,6499,93696
Outerwear & Coats,Suits & Sport Coats,207,0.0022092725409836064,0.03185105400830897,0.8111759598702138,6499,3679,93696
Suits & Sport Coats,Sweaters,249,0.002657530737704918,0.06768143517260125,0.7926849687415058,3679,8000,93696
Sweaters,Suits & Sport Coats,249,0.002657530737704918,0.031125,0.7926849687415057,8000,3679,93696
Sweaters,Underwear,364,0.0038849043715846994,0.0455,0.7902072289156626,8000,5395,93696
Underwear,Sweaters,364,0.0038849043715846994,0.06746987951807229,0.7902072289156626,5395,8000,93696
Active,Suits & Sport Coats,201,0.002145235655737705,0.030913565056905568,0.7873001879782071,6502,3679,93696
Suits & Sport Coats,Active,201,0.002145235655737705,0.05463441152487089,0.7873001879782071,3679,6502,93696
Jeans,Socks,352,0.003756830601092896,0.037655113393239195,0.7764378310943969,9348,4544,93696
Socks,Jeans,352,0.003756830601092896,0.07746478873239436,0.7764378310943969,4544,9348,93696
Tops & Tees,Pants,372,0.003970286885245902,0.0431554524361949,0.7752095995900531,8620,5216,93696
Pants,Tops & Tees,372,0.003970286885245902,0.07131901840490798,0.7752095995900531,5216,8620,93696
Outerwear & Coats,Socks,241,0.0025721482240437157,0.03708262809663025,0.7646333455417844,6499,4544,93696
Socks,Outerwear & Coats,241,0.0025721482240437157,0.053036971830985914,0.7646333455417843,4544,6499,93696
Underwear,Tops & Tees,377,0.004023650956284153,0.06987951807228916,0.7595627987588405,5395,8620,93696
Tops & Tees,Underwear,377,0.004023650956284153,0.04373549883990719,0.7595627987588405,8620,5395,93696
Pants,Sweaters,335,0.0035753927595628416,0.06422546012269939,0.7522085889570553,5216,8000,93696
Sweaters,Pants,335,0.0035753927595628416,0.041875,0.7522085889570552,8000,5216,93696
Pants,Jeans,391,0.004173070355191257,0.07496165644171779,0.7513486694440725,5216,9348,93696
Jeans,Pants,391,0.004173070355191257,0.041827128797603766,0.7513486694440725,9348,5216,93696
Socks,Tops & Tees,310,0.003308572404371585,0.0682218309859155,0.7415443939740531,4544,8620,93696
Tops & Tees,Socks,310,0.003308572404371585,0.03596287703016241,0.7415443939740531,8620,4544,93696
Jeans,Underwear,399,0.004258452868852459,0.042682926829268296,0.7412825787201339,9348,5395,93696
Underwear,Jeans,399,0.004258452868852459,0.07395736793327155,0.7412825787201339,5395,9348,93696
Outerwear & Coats,Underwear,277,0.0029563695355191255,0.042621941837205725,0.7402234406633601,6499,5395,93696
Underwear,Outerwear & Coats,277,0.0029563695355191255,0.05134383688600556,0.74022344066336,5395,6499,93696
Pants,Swim,335,0.0035753927595628416,0.06422546012269939,0.7348478094585958,5216,8189,93696
Swim,Pants,335,0.0035753927595628416,0.040908535840762,0.7348478094585958,8189,5216,93696
Active,Socks,227,0.002422728825136612,0.03491233466625654,0.7198825063577405,6502,4544,93696
Socks,Active,227,0.002422728825136612,0.04995598591549296,0.7198825063577404,4544,6502,93696
Jeans,Suits & Sport Coats,264,0.0028176229508196722,0.028241335044929396,0.7192443947729559,9348,3679,93696
Suits & Sport Coats,Jeans,264,0.0028176229508196722,0.07175863006251698,0.7192443947729559,3679,9348,93696
Swim,Underwear,338,0.0036074112021857925,0.04127488093784345,0.7168287755981798,8189,5395,93696
Underwear,Swim,338,0.0036074112021857925,0.06265060240963856,0.7168287755981798,5395,8189,93696
Shorts,Underwear,336,0.003586065573770492,0.04089083607155896,0.7101589947285984,8217,5395,93696
Underwear,Shorts,336,0.003586065573770492,0.06227988878591288,0.7101589947285984,5395,8217,93696
Sweaters,Socks,275,0.002935023907103825,0.034375,0.7088028169014086,8000,4544,93696
Socks,Sweaters,275,0.002935023907103825,0.0605193661971831,0.7088028169014085,4544,8000,93696
Fashion Hoodies & Sweatshirts,Underwear,352,0.003756830601092896,0.04069834662966817,0.7068159936632787,8649,5395,93696
Underwear,Fashion Hoodies & Sweatshirts,352,0.003756830601092896,0.06524559777571826,0.7068159936632787,5395,8649,93696
Sleep & Lounge,Underwear,336,0.003586065573770492,0.040653357531760435,0.7060346593690131,8265,5395,93696
Underwear,Sleep & Lounge,336,0.003586065573770492,0.06227988878591288,0.7060346593690131,5395,8265,93696
Sleep & Lounge,Pants,324,0.0034579918032786885,0.039201451905626135,0.7041831360716155,8265,5216,93696
Pants,Sleep & Lounge,324,0.0034579918032786885,0.062116564417177916,0.7041831360716154,5216,8265,93696
Pants,Fashion Hoodies & Sweatshirts,338,0.0036074112021857925,0.06480061349693252,0.7019954078169256,5216,8649,93696
Fashion Hoodies & Sweatshirts,Pants,338,0.0036074112021857925,0.03907966238871546,0.7019954078169255,8649,5216,93696
Outerwear & Coats,Sleep & Lounge,400,0.00426912568306011,0.06154793045083859,0.6977368289802507,6499,8265,93696
Sleep & Lounge,Outerwear & Coats,400,0.00426912568306011,0.04839685420447671,0.6977368289802507,8265,6499,93696
Socks,Swim,275,0.002935023907103825,0.0605193661971831,0.6924438313849393,4544,8189,93696
Swim,Socks,275,0.002935023907103825,0.03358163389913298,0.6924438313849393,8189,4544,93696
Fashion Hoodies & Sweatshirts,Outerwear & Coats,414,0.004418545081967213,0.047866805411030174,0.6900951222944889,8649,6499,93696
Outerwear & Coats,Fashion Hoodies & Sweatshirts,414,0.004418545081967213,0.06370210801661794,0.6900951222944889,6499,8649,93696
Shorts,Socks,275,0.002935023907103825,0.03346720214190094,0.6900842807851123,8217,4544,93696
Socks,Shorts,275,0.002935023907103825,0.0605193661971831,0.6900842807851123,4544,8217,93696
Outerwear & Coats,Active,311,0.003319245218579235,0.047853515925527,0.6895852088831402,6499,6502,93696
Active,Outerwear & Coats,311,0.003319245218579235,0.04783143648108274,0.6895852088831402,6502,6499,93696
Suits & Sport Coats,Fashion Hoodies & Sweatshirts,234,0.002497438524590164,0.0636042402826855,0.6890349054834665,3679,8649,93696
Fashion Hoodies & Sweatshirts,Suits & Sport Coats,234,0.002497438524590164,0.027055150884495317,0.6890349054834665,8649,3679,93696
Jumpsuits & Rompers,Active,33,0.00035220286885245903,0.0476878612716763,0.6871980697802188,692,6502,93696
Active,Jumpsuits & Rompers,33,0.00035220286885245903,0.005075361427253153,0.6871980697802187,6502,692,93696
Accessories,Socks,240,0.0025614754098360654,0.032939884710403516,0.679211143887757,7286,4544,93696
Socks,Accessories,240,0.0025614754098360654,0.0528169014084507,0.6792111438877569,4544,7286,93696
Sweaters,Fashion Hoodies & Sweatshirts,500,0.0053364071038251365,0.0625,0.6770724939299342,8000,8649,93696
Fashion Hoodies & Sweatshirts,Sweaters,500,0.0053364071038251365,0.05781015146259683,0.6770724939299341,8649,8000,93696
Active,Fashion Hoodies & Sweatshirts,404,0.00431181693989071,0.062134727776068904,0.6731154415200084,6502,8649,93696
Fashion Hoodies & Sweatshirts,Active,404,0.00431181693989071,0.04671060238177824,0.6731154415200082,8649,6502,93696
Accessories,Tops & Tees,451,0.004813439207650273,0.06189953335163327,0.6728235124030895,7286,8620,93696
Tops & Tees,Accessories,451,0.004813439207650273,0.05232018561484919,0.6728235124030895,8620,7286,93696
Suits & Sport Coats,Shorts,217,0.0023160006830601093,0.058983419407447675,0.672570337690181,3679,8217,93696
Shorts,Suits & Sport Coats,217,0.0023160006830601093,0.02640866496288183,0.672570337690181,8217,3679,93696
Jeans,Shorts,549,0.005859375,0.05872913992297818,0.6696708645762887,9348,8217,93696
Shorts,Jeans,549,0.005859375,0.06681270536692223,0.6696708645762885,8217,9348,93696
Suits & Sport Coats,Accessories,191,0.0020385075136612023,0.051916281598260394,0.6676294154035968,3679,7286,93696
Accessories,Suits & Sport Coats,191,0.0020385075136612023,0.026214658248696128,0.6676294154035967,7286,3679,93696
Tops & Tees,Active,399,0.004258452868852459,0.0462877030162413,0.6670213198723077,8620,6502,93696
Active,Tops & Tees,399,0.004258452868852459,0.06136573362042448,0.6670213198723076,6502,8620,93696
Outerwear & Coats,Pants,241,0.0025721482240437157,0.03708262809663025,0.6661223010241312,6499,5216,93696
Pants,Outerwear & Coats,241,0.0025721482240437157,0.04620398773006135,0.6661223010241311,5216,6499,93696
Tops & Tees,Sweaters,490,0.005229678961748634,0.0568445475638051,0.6657633410672854,8620,8000,93696
Sweaters,Tops & Tees,490,0.005229678961748634,0.06125,0.6657633410672853,8000,8620,93696
Suits & Sport Coats,Sleep & Lounge,215,0.0022946550546448087,0.058439793422125574,0.6625014984246191,3679,8265,93696
Sleep & Lounge,Suits & Sport Coats,215,0.0022946550546448087,0.02601330913490623,0.6625014984246191,8265,3679,93696
Socks,Sleep & Lounge,265,0.0028282957650273225,0.058318661971830985,0.6611282942665064,4544,8265,93696
Sleep & Lounge,Socks,265,0.0028282957650273225,0.03206291591046582,0.6611282942665064,8265,4544,93696
Active,Underwear,247,0.0026361851092896174,0.0379883112888342,0.6597502899941816,6502,5395,93696
Underwear,Active,247,0.0026361851092896174,0.04578313253012048,0.6597502899941815,5395,6502,93696
Outerwear & Coats,Sweaters,364,0.0038849043715846994,0.056008616710263116,0.6559729189106016,6499,8000,93696
Sweaters,Outerwear & Coats,364,0.0038849043715846994,0.0455,0.6559729189106016,8000,6499,93696
Accessories,Sweaters,408,0.004354508196721311,0.055997804007685975,0.6558462805380182,7286,8000,93696
Sweaters,Accessories,408,0.004354508196721311,0.051,0.6558462805380181,8000,7286,93696
Pants,Shorts,300,0.003201844262295082,0.057515337423312884,0.6558302367305251,5216,8217,93696
Shorts,Pants,300,0.003201844262295082,0.03650967506389193,0.655830236730525,8217,5216,93696
Tops & Tees,Outerwear & Coats,390,0.004162397540983607,0.04524361948955916,0.6522766843658617,8620,6499,93696
Outerwear & Coats,Tops & Tees,390,0.004162397540983607,0.06000923218956763,0.6522766843658617,6499,8620,93696
Fashion Hoodies & Sweatshirts,Tops & Tees,517,0.005517844945355191,0.059775696612325124,0.6497382447550365,8649,8620,93696
Tops & Tees,Fashion Hoodies & Sweatshirts,517,0.005517844945355191,0.059976798143851505,0.6497382447550365,8620,8649,93696
Pants,Active,235,0.0025081113387978144,0.04505368098159509,0.6492386486083565,5216,6502,93696
Active,Pants,235,0.0025081113387978144,0.0361427253152876,0.6492386486083565,6502,5216,93696
Tops & Tees,Jeans,558,0.005955430327868852,0.06473317865429234,0.6488275467685682,8620,9348,93696
Jeans,Tops & Tees,558,0.005955430327868852,0.05969191270860077,0.6488275467685681,9348,8620,93696
Shorts,Suits,44,0.000469603825136612,0.00535475234270415,0.648215601423783,8217,774,93696
Suits,Shorts,44,0.000469603825136612,0.056847545219638244,0.648215601423783,774,8217,93696
Swim,Sweaters,453,0.0048347848360655735,0.05531810965929906,0.6478857003297106,8189,8000,93696
Sweaters,Swim,453,0.0048347848360655735,0.056625,0.6478857003297106,8000,8189,93696
Fashion Hoodies & Sweatshirts,Socks,271,0.0028923326502732242,0.03133310209272748,0.646079738926099,8649,4544,93696
Socks,Fashion Hoodies & Sweatshirts,271,0.0028923326502732242,0.05963908450704225,0.646079738926099,4544,8649,93696
Outerwear & Coats,Swim,366,0.00390625,0.05631635636251731,0.6443542954869241,6499,8189,93696
Swim,Outerwear & Coats,366,0.00390625,0.04469410184393699,0.6443542954869241,8189,6499,93696
Accessories,Fashion Hoodies & Sweatshirts,433,0.004621328551912569,0.059429041998353006,0.6438043148430667,7286,8649,93696
Fashion Hoodies & Sweatshirts,Accessories,433,0.004621328551912569,0.050063591166608856,0.6438043148430665,8649,7286,93696
Accessories,Pants,261,0.0027856045081967214,0.035822124622563824,0.6434796373918213,7286,5216,93696
Pants,Accessories,261,0.0027856045081967214,0.05003834355828221,0.6434796373918212,5216,7286,93696
Outerwear & Coats,Jeans,416,0.004439890710382513,0.06400984766887213,0.6415775232330598,6499,9348,93696
Jeans,Outerwear & Coats,416,0.004439890710382513,0.044501497646555414,0.6415775232330598,9348,6499,93696
Sleep & Lounge,Jumpsuits & Rompers,39,0.00041623975409836063,0.004718693284936479,0.6389056156436537,8265,692,93696
Jumpsuits & Rompers,Sleep & Lounge,39,0.00041623975409836063,0.05635838150289017,0.6389056156436537,692,8265,93696
Accessories,Swim,405,0.004322489754098361,0.05558605544880593,0.6359984187729052,7286,8189,93696
Swim,Accessories,405,0.004322489754098361,0.04945658810599585,0.6359984187729051,8189,7286,93696
Sleep & Lounge,Fashion Hoodies & Sweatshirts,483,0.005154969262295082,0.05843920145190563,0.6330812139250491,8265,8649,93696
Fashion Hoodies & Sweatshirts,Sleep & Lounge,483,0.005154969262295082,0.05584460631286854,0.6330812139250491,8649,8265,93696
Active,Sweaters,351,0.0037461577868852457,0.05398338972623808,0.6322534604737005,6502,8000,93696
Sweaters,Active,351,0.0037461577868852457,0.043875,0.6322534604737003,8000,6502,93696
Sweaters,Shorts,443,0.004728056693989071,0.055375,0.631424607520993,8000,8217,93696
Shorts,Sweaters,443,0.004728056693989071,0.05391262017768042,0.631424607520993,8217,8000,93696
Shorts,Active,360,0.0038422131147540983,0.04381161007667032,0.6313399904250542,8217,6502,93696
Active,Shorts,360,0.0038422131147540983,0.05536757920639803,0.6313399904250542,6502,8217,93696
Swim,Fashion Hoodies & Sweatshirts,476,0.00508025956284153,0.058126755403590184,0.6296964359226253,8189,8649,93696
Fashion Hoodies & Sweatshirts,Swim,476,0.00508025956284153,0.055035264192392186,0.6296964359226253,8649,8189,93696
Active,Sleep & Lounge,361,0.0038528859289617486,0.055521378037526915,0.6294169433277824,6502,8265,93696
Sleep & Lounge,Active,361,0.0038528859289617486,0.04367816091954023,0.6294169433277824,8265,6502,93696
Jeans,Fashion Hoodies & Sweatshirts,542,0.0057846653005464484,0.057980316645271715,0.6281100414377823,9348,8649,93696
Fashion Hoodies & Sweatshirts,Jeans,542,0.0057846653005464484,0.06266620418545496,0.6281100414377823,8649,9348,93696
Sleep & Lounge,Shorts,453,0.0048347848360655735,0.054809437386569876,0.6249756657383536,8265,8217,93696
Shorts,Sleep & Lounge,453,0.0048347848360655735,0.055129609346476816,0.6249756657383535,8217,8265,93696
Accessories,Active,313,0.0033405908469945353,0.04295909964315125,0.6190550292471085,7286,6502,93696
Active,Accessories,313,0.0033405908469945353,0.04813903414334051,0.6190550292471084,6502,7286,93696
Jeans,Active,401,0.0042797984972677595,0.04289687633718443,0.6181583705458062,9348,6502,93696
Active,Jeans,401,0.0042797984972677595,0.06167333128268225,0.6181583705458062,6502,9348,93696
Swim,Jeans,503,0.005368425546448088,0.06142386127732324,0.6156579061018483,8189,9348,93696
Jeans,Swim,503,0.005368425546448088,0.053808301240907144,0.6156579061018482,9348,8189,93696
Shorts,Swim,442,0.004717383879781421,0.05379092126080078,0.615459049756013,8217,8189,93696
Swim,Shorts,442,0.004717383879781421,0.05397484430333374,0.615459049756013,8189,8217,93696
Suits & Sport Coats,Swim,196,0.0020918715846994537,0.05327534656156564,0.6095600038383752,3679,8189,93696
Swim,Suits & Sport Coats,196,0.0020918715846994537,0.02393454634265478,0.6095600038383752,8189,3679,93696
Tops & Tees,Sleep & Lounge,462,0.0049308401639344265,0.05359628770301624,0.6075931969294386,8620,8265,93696
Sleep & Lounge,Tops & Tees,462,0.0049308401639344265,0.0558983666061706,0.6075931969294386,8265,8620,93696
Shorts,Tops & Tees,457,0.004877476092896175,0.055616405013995375,0.604528385637043,8217,8620,93696
Tops & Tees,Shorts,457,0.004877476092896175,0.05301624129930394,0.604528385637043,8620,8217,93696
Jeans,Sleep & Lounge,497,0.005304388661202186,0.05316645271715875,0.6027203815834128,9348,8265,93696
Sleep & Lounge,Jeans,497,0.005304388661202186,0.06013309134906231,0.6027203815834128,8265,9348,93696
Accessories,Shorts,385,0.004109033469945355,0.052841065056272306,0.6025309031900317,7286,8217,93696
Shorts,Accessories,385,0.004109033469945355,0.04685408299866131,0.6025309031900316,8217,7286,93696
Underwear,Accessories,252,0.002689549180327869,0.046709916589434665,0.6006769619494469,5395,7286,93696
Accessories,Underwear,252,0.002689549180327869,0.03458687894592369,0.6006769619494469,7286,5395,93696
Sweaters,Jeans,477,0.00509093237704918,0.059625,0.597627727856226,8000,9348,93696
Jeans,Sweaters,477,0.00509093237704918,0.05102695763799743,0.597627727856226,9348,8000,93696
Accessories,Sleep & Lounge,384,0.004098360655737705,0.052703815536645625,0.5974757048422926,7286,8265,93696
Sleep & Lounge,Accessories,384,0.004098360655737705,0.04646098003629764,0.5974757048422925,8265,7286,93696
Tops & Tees,Swim,450,0.004802766393442623,0.052204176334106726,0.5973040060813852,8620,8189,93696
Swim,Tops & Tees,450,0.004802766393442623,0.054951764562217606,0.5973040060813852,8189,8620,93696
Sweaters,Sleep & Lounge,417,0.004450563524590164,0.052125,0.5909139745916515,8000,8265,93696
Sleep & Lounge,Sweaters,417,0.004450563524590164,0.05045372050816697,0.5909139745916515,8265,8000,93696
Active,Skirts,62,0.0006617144808743169,0.009535527529990772,0.5893408888192714,6502,1516,93696
Skirts,Active,62,0.0006617144808743169,0.040897097625329816,0.5893408888192714,1516,6502,93696
Swim,Sleep & Lounge,425,0.004535946038251366,0.05189888875320552,0.5883506691615662,8189,8265,93696
Sleep & Lounge,Swim,425,0.004535946038251366,0.0514216575922565,0.5883506691615661,8265,8189,93696
Outerwear & Coats,Accessories,295,0.0031484801912568306,0.04539159870749346,0.5837237486271352,6499,7286,93696
Accessories,Outerwear & Coats,295,0.0031484801912568306,0.040488608289870984,0.5837237486271352,7286,6499,93696
Swim,Active,330,0.00352202868852459,0.04029796067895958,0.580707124542571,8189,6502,93696
Active,Swim,330,0.00352202868852459,0.05075361427253153,0.580707124542571,6502,8189,93696
Fashion Hoodies & Sweatshirts,Shorts,438,0.00467469262295082,0.05064169268123483,0.5774521160351684,8649,8217,93696
Shorts,Fashion Hoodies & Sweatshirts,438,0.00467469262295082,0.05330412559328222,0.5774521160351684,8217,8649,93696
Accessories,Jeans,418,0.004461236338797814,0.057370299203952785,0.5750286215461661,7286,9348,93696
Jeans,Accessories,418,0.004461236338797814,0.044715447154471545,0.5750286215461661,9348,7286,93696
Suits,Fashion Hoodies & Sweatshirts,41,0.0004375853825136612,0.05297157622739018,0.573849555578859,774,8649,93696
Fashion Hoodies & Sweatshirts,Suits,41,0.0004375853825136612,0.00474043241993294,0.5738495555788589,8649,774,93696
Shorts,Outerwear & Coats,326,0.003479337431693989,0.039673846902762565,0.5719773441146702,8217,6499,93696
Outerwear & Coats,Shorts,326,0.003479337431693989,0.050161563317433454,0.5719773441146702,6499,8217,93696
Fashion Hoodies & Sweatshirts,Maternity,198,0.0021132172131147543,0.022892819979188347,0.5709251159888292,8649,3757,93696
Maternity,Fashion Hoodies & Sweatshirts,198,0.0021132172131147543,0.05270162363587969,0.5709251159888292,3757,8649,93696
Socks & Hosiery,Accessories,124,0.0013234289617486338,0.04394046775336641,0.565062594924433,2822,7286,93696
Accessories,Socks & Hosiery,124,0.0013234289617486338,0.017018940433708482,0.565062594924433,7286,2822,93696
Sleep & Lounge,Dresses,203,0.0021665812841530053,0.02456140350877193,0.5621165762476538,8265,4094,93696
Dresses,Sleep & Lounge,203,0.0021665812841530053,0.0495847581827064,0.5621165762476538,4094,8265,93696
Jeans,Blazers & Jackets,132,0.0014088114754098361,0.014120667522464698,0.5615662411650477,9348,2356,93696
Blazers & Jackets,Jeans,132,0.0014088114754098361,0.05602716468590832,0.5615662411650477,2356,9348,93696
Plus,Sleep & Lounge,157,0.0016756318306010928,0.04952681388012618,0.561459691870817,3170,8265,93696
Sleep & Lounge,Plus,157,0.0016756318306010928,0.018995765275257107,0.561459691870817,8265,3170,93696
Dresses,Accessories,178,0.0018997609289617486,0.043478260869565216,0.5591187387365883,4094,7286,93696
Accessories,Dresses,178,0.0018997609289617486,0.024430414493549272,0.5591187387365882,7286,4094,93696
Sweaters,Jumpsuits & Rompers,33,0.00035220286885245903,0.004125,0.5585202312138728,8000,692,93696
Jumpsuits & Rompers,Sweaters,33,0.00035220286885245903,0.0476878612716763,0.5585202312138728,692,8000,93696
Sweaters,Plus,151,0.0016115949453551913,0.018875,0.5578902208201892,8000,3170,93696
Plus,Sweaters,151,0.0016115949453551913,0.04763406940063091,0.5578902208201892,3170,8000,93696
Swim,Plus,154,0.0016436133879781422,0.01880571498351447,0.5558423568124201,8189,3170,93696
Plus,Swim,154,0.0016436133879781422,0.04858044164037855,0.5558423568124201,3170,8189,93696
Intimates,Swim,450,0.004802766393442623,0.048407917383821,0.5538683877389782,9296,8189,93696
Swim,Intimates,450,0.004802766393442623,0.054951764562217606,0.5538683877389781,8189,9296,93696
Skirts,Sleep & Lounge,74,0.0007897882513661202,0.048812664907651716,0.5533637569494658,1516,8265,93696
Sleep & Lounge,Skirts,74,0.0007897882513661202,0.00895341802782819,0.5533637569494658,8265,1516,93696
Skirts,Swim,73,0.0007791154371584699,0.048153034300791556,0.5509520944983473,1516,8189,93696
Swim,Skirts,73,0.0007791154371584699,0.0089143973623153,0.5509520944983473,8189,1516,93696
Dresses,Swim,197,0.002102544398907104,0.048119198827552515,0.5505649595001051,4094,8189,93696
Swim,Dresses,197,0.002102544398907104,0.024056661375015265,0.5505649595001051,8189,4094,93696
Maternity,Active,143,0.001526212431693989,0.03806228373702422,0.5484902702282716,3757,6502,93696
Active,Maternity,143,0.001526212431693989,0.02199323285143033,0.5484902702282716,6502,3757,93696
Swim,Maternity,180,0.0019211065573770491,0.021980705824887044,0.5481778581231346,8189,3757,93696
Maternity,Swim,180,0.0019211065573770491,0.04791056694170881,0.5481778581231345,3757,8189,93696
Maternity,Shorts,180,0.0019211065573770491,0.04791056694170881,0.5463099038785869,3757,8217,93696
Shorts,Maternity,180,0.0019211065573770491,0.02190580503833516,0.5463099038785869,8217,3757,93696
Accessories,Leggings,97,0.0010352629781420766,0.013313203403788087,0.5449514661954253,7286,2289,93696
Leggings,Accessories,97,0.0010352629781420766,0.04237658366098733,0.5449514661954253,2289,7286,93696
Leggings,Fashion Hoodies & Sweatshirts,115,0.0012273736338797815,0.05024027959807777,0.5442609824513233,2289,8649,93696
Fashion Hoodies & Sweatshirts,Leggings,115,0.0012273736338797815,0.01329633483639727,0.5442609824513231,8649,2289,93696
Socks & Hosiery,Swim,134,0.0014301571038251367,0.04748405386250886,0.5432978276592539,2822,8189,93696
Swim,Socks & Hosiery,134,0.0014301571038251367,0.0163634143363048,0.5432978276592538,8189,2822,93696
Blazers & Jackets,Fashion Hoodies & Sweatshirts,118,0.0012593920765027323,0.0500848896434635,0.5425776182256857,2356,8649,93696
Fashion Hoodies & Sweatshirts,Blazers & Jackets,118,0.0012593920765027323,0.013643195745172853,0.5425776182256857,8649,2356,93696
Intimates,Accessories,390,0.004162397540983607,0.04195352839931153,0.5395110893359721,9296,7286,93696
Accessories,Intimates,390,0.004162397540983607,0.05352731265440571,0.5395110893359721,7286,9296,93696
Shorts,Blazers & Jackets,111,0.0011846823770491803,0.013508579773640015,0.5372240621693442,8217,2356,93696
Blazers & Jackets,Shorts,111,0.0011846823770491803,0.04711375212224109,0.5372240621693442,2356,8217,93696
Active,Pants & Capris,94,0.0010032445355191257,0.01445709012611504,0.5371021080319092,6502,2522,93696
Pants & Capris,Active,94,0.0010032445355191257,0.03727200634417129,0.5371021080319092,2522,6502,93696
Plus,Shorts,149,0.0015902493169398907,0.04700315457413249,0.5359629513177459,3170,8217,93696
Shorts,Plus,149,0.0015902493169398907,0.018133138615066324,0.5359629513177459,8217,3170,93696
Jeans,Plus,169,0.0018037056010928962,0.018078733418913136,0.5343548916146641,9348,3170,93696
Plus,Jeans,169,0.0018037056010928962,0.05331230283911672,0.5343548916146641,3170,9348,93696
Shorts,Skirts,71,0.0007577698087431694,0.008640623098454423,0.5340315447445816,8217,1516,93696
Skirts,Shorts,71,0.0007577698087431694,0.04683377308707124,0.5340315447445816,1516,8217,93696
Accessories,Maternity,155,0.0016542862021857925,0.021273675542135603,0.530545196591945,7286,3757,93696
Maternity,Accessories,155,0.0016542862021857925,0.04125632153313814,0.530545196591945,3757,7286,93696
Leggings,Jeans,121,0.001291410519125683,0.05286151157710791,0.5298365627651587,2289,9348,93696
Jeans,Leggings,121,0.001291410519125683,0.012943945228925974,0.5298365627651586,9348,2289,93696
Sweaters,Suits,35,0.00037354849726775954,0.004375,0.5296124031007753,8000,774,93696
Suits,Sweaters,35,0.00037354849726775954,0.04521963824289406,0.5296124031007752,774,8000,93696
Pants & Capris,Shorts,117,0.001248719262295082,0.04639175257731959,0.5289913167195492,2522,8217,93696
Shorts,Pants & Capris,117,0.001248719262295082,0.014238773274917854,0.5289913167195492,8217,2522,93696
Intimates,Fashion Hoodies & Sweatshirts,453,0.0048347848360655735,0.04873063683304647,0.5279067809815149,9296,8649,93696
Fashion Hoodies & Sweatshirts,Intimates,453,0.0048347848360655735,0.05237599722511273,0.5279067809815148,8649,9296,93696
Sleep & Lounge,Suits,36,0.00038422131147540983,0.004355716878402904,0.5272780990165873,8265,774,93696
Suits,Sleep & Lounge,36,0.00038422131147540983,0.046511627906976744,0.5272780990165872,774,8265,93696
Maternity,Sleep & Lounge,173,0.0018463968579234974,0.046047378227309026,0.5220151422124557,3757,8265,93696
Sleep & Lounge,Maternity,173,0.0018463968579234974,0.020931639443436175,0.5220151422124556,8265,3757,93696
Swim,Pants & Capris,115,0.0012273736338797815,0.014043228721455612,0.521726549677044,8189,2522,93696
Pants & Capris,Swim,115,0.0012273736338797815,0.04559873116574147,0.5217265496770439,2522,8189,93696
Plus,Accessories,128,0.001366120218579235,0.04037854889589906,0.5192572766058411,3170,7286,93696
Accessories,Plus,128,0.001366120218579235,0.017567938512215206,0.519257276605841,7286,3170,93696
Shorts,Intimates,421,0.004493254781420765,0.05123524400632835,0.5164089309828894,8217,9296,93696
Intimates,Shorts,421,0.004493254781420765,0.04528829604130809,0.5164089309828894,9296,8217,93696
Dresses,Fashion Hoodies & Sweatshirts,195,0.0020811987704918034,0.04763067904250122,0.5159907623501208,4094,8649,93696
Fashion Hoodies & Sweatshirts,Dresses,195,0.0020811987704918034,0.022545959070412763,0.5159907623501206,8649,4094,93696
Leggings,Shorts,103,0.001099299863387978,0.04499781564001747,0.5130966696126418,2289,8217,93696
Shorts,Leggings,103,0.001099299863387978,0.012534988438602896,0.5130966696126417,8217,2289,93696
Blazers & Jackets,Accessories,94,0.0010032445355191257,0.039898132427843805,0.5130792500630322,2356,7286,93696
Accessories,Blazers & Jackets,94,0.0010032445355191257,0.012901454844908043,0.5130792500630322,7286,2356,93696
Shorts,Dresses,184,0.0019637978142076503,0.022392600705853718,0.5124809759979653,8217,4094,93696
Dresses,Shorts,184,0.0019637978142076503,0.0449438202247191,0.5124809759979653,4094,8217,93696
Accessories,Pants & Capris,100,0.0010672814207650274,0.01372495196266813,0.5099021011475627,7286,2522,93696
Pants & Capris,Accessories,100,0.0010672814207650274,0.03965107057890563,0.5099021011475626,2522,7286,93696
Jeans,Skirts,77,0.0008218066939890711,0.008237056054771074,0.5090891847676983,9348,1516,93696
Skirts,Jeans,77,0.0008218066939890711,0.05079155672823219,0.5090891847676983,1516,9348,93696
Sleep & Lounge,Blazers & Jackets,105,0.0011206454918032786,0.012704174228675136,0.50523357747451,8265,2356,93696
Blazers & Jackets,Sleep & Lounge,105,0.0011206454918032786,0.04456706281833616,0.5052335774745099,2356,8265,93696
Suits,Jeans,39,0.00041623975409836063,0.050387596899224806,0.505040252360908,774,9348,93696
Jeans,Suits,39,0.00041623975409836063,0.00417201540436457,0.505040252360908,9348,774,93696
Leggings,Active,80,0.0008538251366120218,0.03494975972040192,0.5036377555771729,2289,6502,93696
Active,Leggings,80,0.0008538251366120218,0.012303906490310674,0.5036377555771729,6502,2289,93696
Intimates,Jeans,465,0.004962858606557377,0.05002151462994837,0.5013709707710358,9296,9348,93696
Jeans,Intimates,465,0.004962858606557377,0.04974326059050064,0.5013709707710357,9348,9296,93696
Socks & Hosiery,Jeans,141,0.0015048668032786885,0.049964564138908575,0.5008001499314483,2822,9348,93696
Jeans,Socks & Hosiery,141,0.0015048668032786885,0.015083440308087292,0.5008001499314482,9348,2822,93696
Outerwear & Coats,Plus,110,0.00117400956284153,0.016925680873980612,0.5002740047850118,6499,3170,93696
Plus,Outerwear & Coats,110,0.00117400956284153,0.03470031545741325,0.5002740047850118,3170,6499,93696
Blazers & Jackets,Swim,103,0.001099299863387978,0.04371816638370119,0.5002097102805307,2356,8189,93696
Swim,Blazers & Jackets,103,0.001099299863387978,0.012577848333129808,0.5002097102805307,8189,2356,93696
Swim,Leggings,100,0.0010672814207650274,0.012211503236048358,0.4998553985167265,8189,2289,93696
Leggings,Swim,100,0.0010672814207650274,0.043687199650502405,0.4998553985167265,2289,8189,93696
Pants & Capris,Outerwear & Coats,87,0.0009285348360655737,0.0344964314036479,0.4973346109857199,2522,6499,93696
Outerwear & Coats,Pants & Capris,87,0.0009285348360655737,0.013386674873057393,0.4973346109857199,6499,2522,93696
Intimates,Sleep & Lounge,406,0.0043331625683060105,0.043674698795180725,0.49511731135066583,9296,8265,93696
Sleep & Lounge,Intimates,406,0.0043331625683060105,0.04912280701754386,0.4951173113506658,8265,9296,93696
Jeans,Dresses,201,0.002145235655737705,0.021501925545571246,0.4920968285094879,9348,4094,93696
Dresses,Jeans,201,0.002145235655737705,0.049096238397655104,0.4920968285094879,4094,9348,93696
Intimates,Active,317,0.0033832821038251365,0.03410068846815835,0.4914023541545009,9296,6502,93696
Active,Intimates,317,0.0033832821038251365,0.04875422946785604,0.4914023541545008,6502,9296,93696
Socks & Hosiery,Fashion Hoodies & Sweatshirts,128,0.001366120218579235,0.04535790219702339,0.49136940735949863,2822,8649,93696
Fashion Hoodies & Sweatshirts,Socks & Hosiery,128,0.001366120218579235,0.014799398774424788,0.4913694073594985,8649,2822,93696
Socks & Hosiery,Sleep & Lounge,122,0.0013020833333333333,0.04323175053153792,0.49009583760471587,2822,8265,93696
Sleep & Lounge,Socks & Hosiery,122,0.0013020833333333333,0.014761040532365396,0.4900958376047158,8265,2822,93696
Dresses,Active,139,0.0014835211748633879,0.03395212506106497,0.48926150564773047,4094,6502,93696
Active,Dresses,139,0.0014835211748633879,0.021378037526914796,0.48926150564773047,6502,4094,93696
Pants & Capris,Jeans,123,0.0013127561475409835,0.048770816812053926,0.4888350932843608,2522,9348,93696
Jeans,Pants & Capris,123,0.0013127561475409835,0.013157894736842105,0.48883509328436076,9348,2522,93696
Leggings,Sweaters,95,0.001013917349726776,0.041502839667977284,0.48608125819134995,2289,8000,93696
Sweaters,Leggings,95,0.001013917349726776,0.011875,0.4860812581913499,8000,2289,93696
Skirts,Accessories,57,0.0006083504098360656,0.037598944591029027,0.4835123129839494,1516,7286,93696
Accessories,Skirts,57,0.0006083504098360656,0.007823222618720834,0.4835123129839494,7286,1516,93696
Pants & Capris,Fashion Hoodies & Sweatshirts,112,0.0011953551912568306,0.04440919904837431,0.4810919544498184,2522,8649,93696
Fashion Hoodies & Sweatshirts,Pants & Capris,112,0.0011953551912568306,0.01294947392762169,0.4810919544498184,8649,2522,93696
Jumpsuits & Rompers,Shorts,29,0.00030951161202185794,0.04190751445086705,0.4778588869402993,692,8217,93696
Shorts,Jumpsuits & Rompers,29,0.00030951161202185794,0.0035292685895095535,0.47785888694029927,8217,692,93696
Plus,Active,104,0.0011099726775956283,0.032807570977917984,0.47276809756182764,3170,6502,93696
Active,Plus,104,0.0011099726775956283,0.015995078437403876,0.47276809756182764,6502,3170,93696
Socks & Hosiery,Shorts,117,0.001248719262295082,0.04145995747696669,0.47275552826601813,2822,8217,93696
Shorts,Socks & Hosiery,117,0.001248719262295082,0.014238773274917854,0.47275552826601813,8217,2822,93696
Skirts,Fashion Hoodies & Sweatshirts,66,0.0007044057377049181,0.04353562005277045,0.47162833350264544,1516,8649,93696
Fashion Hoodies & Sweatshirts,Skirts,66,0.0007044057377049181,0.007630939993062782,0.47162833350264544,8649,1516,93696
Plus,Fashion Hoodies & Sweatshirts,138,0.0014728483606557376,0.043533123028391164,0.47160128283826325,3170,8649,93696
Fashion Hoodies & Sweatshirts,Plus,138,0.0014728483606557376,0.015955601803676726,0.47160128283826325,8649,3170,93696
Dresses,Sweaters,164,0.0017503415300546448,0.040058622374206154,0.4691665852467025,4094,8000,93696
Sweaters,Dresses,164,0.0017503415300546448,0.0205,0.46916658524670246,8000,4094,93696
Sweaters,Maternity,150,0.001600922131147541,0.01875,0.46760713335107795,8000,3757,93696
Maternity,Sweaters,150,0.001600922131147541,0.039925472451424006,0.46760713335107795,3757,8000,93696
Leggings,Outerwear & Coats,74,0.0007897882513661202,0.03232852774137178,0.4660799715734067,2289,6499,93696
Outerwear & Coats,Leggings,74,0.0007897882513661202,0.011386367133405139,0.46607997157340664,6499,2289,93696
Intimates,Outerwear & Coats,300,0.003201844262295082,0.032271944922547334,0.4652642177970449,9296,6499,93696
Outerwear & Coats,Intimates,300,0.003201844262295082,0.04616094783812894,0.46526421779704485,6499,9296,93696
Active,Blazers & Jackets,76,0.0008111338797814208,0.01168871116579514,0.4648495252081246,6502,2356,93696
Blazers & Jackets,Active,76,0.0008111338797814208,0.03225806451612903,0.46484952520812456,2356,6502,93696
Outerwear & Coats,Dresses,132,0.0014088114754098361,0.020310817048776734,0.4648369111387848,6499,4094,93696
Dresses,Outerwear & Coats,132,0.0014088114754098361,0.03224230581338544,0.4648369111387848,4094,6499,93696
Jumpsuits & Rompers,Swim,28,0.00029883879781420766,0.04046242774566474,0.46295855782852646,692,8189,93696
Swim,Jumpsuits & Rompers,28,0.00029883879781420766,0.00341922090609354,0.46295855782852646,8189,692,93696
Intimates,Sweaters,367,0.00391692281420765,0.03947934595524957,0.46238209982788303,9296,8000,93696
Sweaters,Intimates,367,0.00391692281420765,0.045875,0.4623820998278829,8000,9296,93696
Blazers & Jackets,Outerwear & Coats,75,0.0008004610655737705,0.03183361629881155,0.45894483962662663,2356,6499,93696
Outerwear & Coats,Blazers & Jackets,75,0.0008004610655737705,0.011540236959532236,0.45894483962662663,6499,2356,93696
Pants & Capris,Sleep & Lounge,102,0.0010886270491803278,0.040444091990483745,0.45849360473567635,2522,8265,93696
Sleep & Lounge,Pants & Capris,102,0.0010886270491803278,0.012341197822141561,0.45849360473567635,8265,2522,93696
Outerwear & Coats,Maternity,119,0.0012700648907103824,0.018310509309124482,0.45664665430602275,6499,3757,93696
Maternity,Outerwear & Coats,119,0.0012700648907103824,0.03167420814479638,0.4566466543060227,3757,6499,93696
Maternity,Jeans,169,0.0018037056010928962,0.04498269896193772,0.450866384460603,3757,9348,93696
Jeans,Maternity,169,0.0018037056010928962,0.018078733418913136,0.45086638446060295,9348,3757,93696
Socks & Hosiery,Active,88,0.000939207650273224,0.03118355776045358,0.4493655225966562,2822,6502,93696
Active,Socks & Hosiery,88,0.000939207650273224,0.01353429713934174,0.44936552259665613,6502,2822,93696
Sweaters,Pants & Capris,96,0.0010245901639344263,0.012,0.4458176050753371,8000,2522,93696
Pants & Capris,Sweaters,96,0.0010245901639344263,0.0380650277557494,0.445817605075337,2522,8000,93696
Tops & Tees,Maternity,152,0.0016222677595628416,0.017633410672853827,0.439760459516559,8620,3757,93696
Maternity,Tops & Tees,152,0.0016222677595628416,0.04045781208410966,0.439760459516559,3757,8620,93696
Plus,Tops & Tees,128,0.001366120218579235,0.04037854889589906,0.4388988999246123,3170,8620,93696
Tops & Tees,Plus,128,0.001366120218579235,0.014849187935034803,0.4388988999246123,8620,3170,93696
Socks & Hosiery,Tops & Tees,113,0.001206028005464481,0.04004252303330971,0.43524643133746943,2822,8620,93696
Tops & Tees,Socks & Hosiery,113,0.001206028005464481,0.013109048723897912,0.43524643133746943,8620,2822,93696
Tops & Tees,Blazers & Jackets,93,0.0009925717213114754,0.010788863109048724,0.42906337770179515,8620,2356,93696
Blazers & Jackets,Tops & Tees,93,0.0009925717213114754,0.039473684210526314,0.42906337770179503,2356,8620,93696
Intimates,Tops & Tees,365,0.0038955771857923497,0.03926419965576592,0.42678636321886815,9296,8620,93696
Tops & Tees,Intimates,365,0.0038955771857923497,0.04234338747099768,0.42678636321886815,8620,9296,93696
Sweaters,Skirts,55,0.000587004781420765,0.006875,0.42490765171503964,8000,1516,93696
Skirts,Sweaters,55,0.000587004781420765,0.036279683377308705,0.4249076517150396,1516,8000,93696
Jumpsuits & Rompers,Fashion Hoodies & Sweatshirts,27,0.00028816598360655737,0.03901734104046243,0.4226810944764907,692,8649,93696
Fashion Hoodies & Sweatshirts,Jumpsuits & Rompers,27,0.00028816598360655737,0.003121748178980229,0.4226810944764906,8649,692,93696
Tops & Tees,Pants & Capris,97,0.0010352629781420766,0.011252900232018562,0.4180617526325183,8620,2522,93696
Pants & Capris,Tops & Tees,97,0.0010352629781420766,0.038461538461538464,0.4180617526325183,2522,8620,93696
Accessories,Suits,25,0.00026682035519125686,0.0034312379906670325,0.41536598807950686,7286,774,93696
Suits,Accessories,25,0.00026682035519125686,0.03229974160206718,0.4153659880795068,774,7286,93696
Socks & Hosiery,Outerwear & Coats,80,0.0008538251366120218,0.028348688873139617,0.4087026854374041,2822,6499,93696
Outerwear & Coats,Socks & Hosiery,80,0.0008538251366120218,0.012309586090167718,0.4087026854374041,6499,2822,93696
Tops & Tees,Jumpsuits & Rompers,26,0.0002774931693989071,0.0030162412993039443,0.408395584941593,8620,692,93696
Jumpsuits & Rompers,Tops & Tees,26,0.0002774931693989071,0.03757225433526012,0.408395584941593,692,8620,93696
Tops & Tees,Suits,29,0.00030951161202185794,0.0033642691415313227,0.4072591233655282,8620,774,93696
Suits,Tops & Tees,29,0.00030951161202185794,0.037467700258397935,0.40725912336552816,774,8620,93696
Sweaters,Socks & Hosiery,98,0.0010459357923497269,0.01225,0.4067243090007087,8000,2822,93696
Socks & Hosiery,Sweaters,98,0.0010459357923497269,0.03472714386959603,0.4067243090007087,2822,8000,93696
Jumpsuits & Rompers,Jeans,28,0.00029883879781420766,0.04046242774566474,0.4055592244392173,692,9348,93696
Jeans,Jumpsuits & Rompers,28,0.00029883879781420766,0.002995293110825845,0.40555922443921727,9348,692,93696
Tops & Tees,Skirts,56,0.0005976775956284153,0.0064965197215777265,0.4015157729768778,8620,1516,93696
Skirts,Tops & Tees,56,0.0005976775956284153,0.036939313984168866,0.40151577297687774,1516,8620,93696
Swim,Suits,27,0.00028816598360655737,0.0032971058737330567,0.39912872344353034,8189,774,93696
Suits,Swim,27,0.00028816598360655737,0.03488372093023256,0.3991287234435303,774,8189,93696
Sleep & Lounge,Leggings,80,0.0008538251366120218,0.009679370840895343,0.3962072216288903,8265,2289,93696
Leggings,Sleep & Lounge,80,0.0008538251366120218,0.03494975972040192,0.3962072216288903,2289,8265,93696
Dresses,Tops & Tees,148,0.0015795765027322405,0.0361504640937958,0.392941285815811,4094,8620,93696
Tops & Tees,Dresses,148,0.0015795765027322405,0.01716937354988399,0.392941285815811,8620,4094,93696
Sweaters,Blazers & Jackets,76,0.0008111338797814208,0.0095,0.3778064516129032,8000,2356,93696
Blazers & Jackets,Sweaters,76,0.0008111338797814208,0.03225806451612903,0.3778064516129032,2356,8000,93696
Tops & Tees,Leggings,77,0.0008218066939890711,0.008932714617169374,0.3656442240149854,8620,2289,93696
Leggings,Tops & Tees,77,0.0008218066939890711,0.03363914373088685,0.36564422401498536,2289,8620,93696
Outerwear & Coats,Skirts,36,0.00038422131147540983,0.005539313740575473,0.3423558972539311,6499,1516,93696
Skirts,Outerwear & Coats,36,0.00038422131147540983,0.023746701846965697,0.34235589725393106,1516,6499,93696
